-- phpMyAdmin SQL Dump
-- version 5.2.1
-- https://www.phpmyadmin.net/
--
-- Servidor: 127.0.0.1
-- Tiempo de generación: 17-10-2024 a las 17:25:09
-- Versión del servidor: 10.4.32-MariaDB
-- Versión de PHP: 8.0.30

SET SQL_MODE = "NO_AUTO_VALUE_ON_ZERO";
START TRANSACTION;
SET time_zone = "+00:00";


/*!40101 SET @OLD_CHARACTER_SET_CLIENT=@@CHARACTER_SET_CLIENT */;
/*!40101 SET @OLD_CHARACTER_SET_RESULTS=@@CHARACTER_SET_RESULTS */;
/*!40101 SET @OLD_COLLATION_CONNECTION=@@COLLATION_CONNECTION */;
/*!40101 SET NAMES utf8mb4 */;

--
-- Base de datos: `st_istyle_bd`
--

-- --------------------------------------------------------

--
-- Estructura de tabla para la tabla `clientes`
--

CREATE TABLE `clientes` (
  `id` int(10) UNSIGNED NOT NULL,
  `nombre` varchar(45) DEFAULT NULL,
  `run` varchar(45) DEFAULT NULL,
  `direccion` varchar(45) DEFAULT NULL,
  `ciudad` varchar(45) DEFAULT NULL,
  `mail` varchar(45) DEFAULT NULL,
  `fono` int(10) UNSIGNED NOT NULL,
  `estado` int(11) DEFAULT NULL,
  `created_at` timestamp NULL DEFAULT NULL,
  `updated_at` timestamp NULL DEFAULT NULL
) ENGINE=InnoDB DEFAULT CHARSET=utf8mb4 COLLATE=utf8mb4_unicode_ci;

--
-- Volcado de datos para la tabla `clientes`
--

INSERT INTO `clientes` (`id`, `nombre`, `run`, `direccion`, `ciudad`, `mail`, `fono`, `estado`, `created_at`, `updated_at`) VALUES
(1, 'Michael Aguirre ', '16467901-2', NULL, NULL, 'michael.aguirre.saavedra@gmail.com', 59292849, 1, NULL, NULL),
(2, 'Juan Perez Perez', '11111111-1', NULL, NULL, 'jperez@gmail.com', 57262105, 1, NULL, NULL),
(3, 'Nathaly Morales', '17115357-3', NULL, NULL, 'trimissa@gmail.com', 57262333, 1, NULL, NULL),
(5, 'Bastian Fuentes', '21122933-0', NULL, NULL, 'bastian.fuentes.gaete@gmail.com', 935281542, 1, NULL, NULL),
(6, 'Rodrigo', '222222-2', NULL, NULL, 'muzapip@mailinator.com', 4294967295, 1, NULL, NULL),
(7, 'Eu quis temporibus p', '33333333-3', NULL, NULL, 'ciraqiwuj@mailinator.com', 1, 1, NULL, NULL),
(10, 'Quis lorem soluta an', '77777777-7', NULL, NULL, 'kopaposix@mailinator.com', 876876876, 1, NULL, NULL),
(12, 'Mauro', '444444444-4', NULL, NULL, 'bastian.fuentes.gaete@gmail.com', 59292849, 1, NULL, NULL),
(14, 'Jose', '3333333333-3', NULL, NULL, 'b.fuentes38@alumnos.santotomas.cl', 59292849, 1, NULL, NULL),
(16, 'prueba1', '888888888', NULL, NULL, 'bastian.fuentes.gaete@gmail.com', 987987987, 1, NULL, NULL),
(17, 'Sofia', '2222228888', NULL, NULL, 'b.fuentes38@alumnos.santotomas.cl', 935281542, 1, NULL, NULL),
(18, 'prueba2', 'Reiciendis ut fuga ', NULL, NULL, 'nogude@mailinator.com', 4294967295, 0, NULL, NULL),
(19, 'prueba3', '333333333333333', NULL, NULL, 'bastian.naitsab2002@gmail.com', 59292849, 1, NULL, NULL),
(20, 'prueba4', '3333333333333333', NULL, NULL, 'bastian.naitsab2002@gmail.com', 59292849, 1, NULL, NULL),
(21, 'Vero aute voluptatem', '768767868768', NULL, NULL, 'gususygil@mailinator.com', 576576576, 0, NULL, NULL),
(22, 'Mauro', '999999999999', NULL, NULL, 'm14gs4@gmail.com', 935281542, 1, NULL, NULL),
(23, 'Quia culpa labore e', 'Dolore nesciunt per', NULL, NULL, 'wihim@mailinator.com', 0, 0, NULL, NULL),
(24, 'Qui in enim voluptat', 'Corporis debitis ut ', NULL, NULL, 'cifecex@mailinator.com', 0, 1, NULL, NULL),
(25, 'test5', '212333333', NULL, NULL, 'b.fuentes38@alumnos.santotomas.cl', 312313212, 1, NULL, NULL),
(26, 'Duis corporis in min', 'Voluptatibus et temp', NULL, NULL, 'tokixu@mailinator.com', 0, 0, NULL, NULL),
(27, 'jkhkjhkj', 'hkjhkjh', NULL, NULL, 'jkhkjh', 0, 1, NULL, NULL),
(28, 'test7', '78687687', NULL, NULL, 'jkhkjh', 0, 1, NULL, NULL),
(29, 'test8', '786876878', NULL, NULL, 'jkhkjh', 0, 0, NULL, NULL),
(30, 'Ad ad nulla harum au', 'Perferendis architec', NULL, NULL, 'kypikuh@mailinator.com', 0, 1, NULL, NULL),
(31, 'test8', '6786876876876', NULL, NULL, 'kypikuh@mailinator.com', 4294967295, 1, NULL, NULL),
(32, 'test9', '67868768768768768', NULL, NULL, 'kypikuh@mailinator.com', 4294967295, 1, NULL, NULL),
(33, 'Ipsum sapiente et q', 'Ratione voluptas qui', NULL, NULL, 'cihavolyw@mailinator.com', 0, 0, NULL, NULL),
(34, 'Ipsum animi libero ', 'Enim et dolorum porr', NULL, NULL, 'funyro@mailinator.com', 0, 1, NULL, NULL),
(35, 'Eius do totam ea eni', 'Magni veniam exerci', NULL, NULL, 'xukejuca@mailinator.com', 0, 0, NULL, NULL),
(36, 'Michael Aguirre ', '90809809', NULL, NULL, 'kypikuh@mailinator.com', 4294967295, 1, NULL, NULL),
(37, 'prueba10', '7987987987', NULL, NULL, 'kypikuh@mailinator.com', 8797899, 1, NULL, NULL),
(38, 'pruebadefinitiva', '809809809', NULL, NULL, 'm14gs4@gmail.com', 4294967295, 1, NULL, NULL),
(39, 'pruebafinal', '89798798798', NULL, NULL, '97897987', 9879879, 1, NULL, NULL),
(40, 'Minima recusandae Q', 'Vel adipisci aliquip', NULL, NULL, 'gutihal@mailinator.com', 0, 0, NULL, NULL),
(41, 'Michael Aguirre ', '12312331231', NULL, NULL, 'michael.aguirre.saavedra@gmail.com', 7878876, 1, NULL, NULL),
(42, 'Sofiatest4', '8799999', NULL, NULL, 'kjhkjhkjh', 89798798, 1, NULL, NULL),
(43, 'Michael Aguirre ', '6757657657', NULL, NULL, 'kypikuh@mailinator.com', 4294967295, 1, NULL, NULL),
(44, 'PRUEBAFINAL', '657657657', NULL, NULL, 'kypikuh@mailinator.com', 4294967295, 1, NULL, NULL),
(45, 'lewis', '68768768-6', NULL, NULL, 'hgjhgjhgjhgjhg', 4294967295, 1, NULL, NULL),
(46, 'Francisco', '68768768-9', NULL, NULL, 'hgjhgjhgjhgjhg', 4294967295, 1, NULL, NULL),
(47, 'Bryan', '68768768-4', NULL, NULL, 'hgjhgjhgjhgjhg', 4294967295, 1, NULL, NULL),
(48, 'test10', '677657756-7', NULL, NULL, 'm14gs4@gmail.com', 88888888, 1, NULL, NULL),
(49, 'test1777', '7576576-8', NULL, NULL, 'm14gs4@gmail.com', 88888888, 1, NULL, NULL),
(50, 'dylan', '6876876876', NULL, NULL, 'ghfhgfhgf', 7687687, 1, NULL, NULL),
(51, 'Alan', '6868768768', NULL, NULL, 'kypikuh@mailinator.com', 4294967295, 1, NULL, NULL),
(52, 'Sergio', '687687687-6', NULL, NULL, 'kypikuh@mailinator.com', 4294967295, 1, NULL, NULL),
(53, 'Carlos', '65765765-0', NULL, NULL, 'b.fuentes38@alumnos.santotomas.cl', 687687, 1, NULL, NULL),
(54, 'Marcela', '767865760-9', NULL, NULL, 'bastian.fuentes.gaete@gmail.com', 4294967295, 1, NULL, NULL),
(55, 'Bastian Fuentes', '211229330', NULL, NULL, 'bastian.fuentes.gaete@gmail', 935281542, NULL, NULL, NULL),
(56, 'Bastian Fuentes', '21229330', NULL, NULL, 'bastian.fuentes.gaete@gmail', 10000003, NULL, NULL, NULL),
(57, 'Ea perferendis paria', 'Duis', NULL, NULL, 'Maiores dolor distin', 37, NULL, NULL, NULL);

-- --------------------------------------------------------

--
-- Estructura de tabla para la tabla `dispositivos`
--

CREATE TABLE `dispositivos` (
  `id` int(11) NOT NULL,
  `nombre` varchar(45) NOT NULL,
  `modelo` int(70) NOT NULL,
  `estado` int(250) NOT NULL DEFAULT 1,
  `created_at` timestamp NULL DEFAULT NULL,
  `updated_at` timestamp NULL DEFAULT NULL
) ENGINE=InnoDB DEFAULT CHARSET=utf8mb4 COLLATE=utf8mb4_general_ci;

--
-- Volcado de datos para la tabla `dispositivos`
--

INSERT INTO `dispositivos` (`id`, `nombre`, `modelo`, `estado`, `created_at`, `updated_at`) VALUES
(2, 'iPhone 5', 1, 0, NULL, NULL),
(3, 'iPhone 5c', 1, 1, NULL, NULL),
(4, 'iPhone 5s', 1, 1, NULL, NULL),
(5, 'iPhone SE', 1, 1, NULL, NULL),
(6, 'iPhone 6', 1, 1, NULL, NULL),
(7, 'iPhone 6 plus', 1, 1, NULL, NULL),
(8, 'iPhone 6s', 1, 1, NULL, NULL),
(9, 'iPhone 6s Plus', 1, 1, NULL, NULL),
(10, 'iPhone 7', 1, 1, NULL, NULL),
(11, 'iPhone 7 Plus', 1, 1, NULL, '2020-11-18 13:10:17'),
(12, 'iPhone 8', 1, 1, NULL, NULL),
(13, 'iPhone 8 Plus', 1, 1, NULL, '2020-11-18 13:10:24'),
(14, 'iPhone X', 1, 1, NULL, NULL),
(15, 'iPhone XS', 1, 1, NULL, NULL),
(16, 'iPhone XR', 1, 1, NULL, NULL),
(17, 'iPhone XS Max', 1, 1, NULL, NULL),
(18, 'iPhone 11', 1, 1, NULL, NULL),
(19, 'Macbook', 2, 1, NULL, NULL),
(20, 'Macbook Pro', 2, 1, NULL, NULL),
(21, 'Macbook Pro Retina', 2, 1, NULL, NULL),
(22, 'Macbook Pro TouchBar', 2, 1, NULL, NULL),
(23, 'Macbook Air', 2, 1, NULL, NULL),
(24, 'Macbook Air Retina', 2, 1, NULL, NULL),
(25, 'iMac 21\"', 2, 1, NULL, NULL),
(26, 'iMac 27\"', 2, 1, NULL, NULL),
(27, 'iMac Pro', 2, 1, NULL, NULL),
(28, 'Mac Mini', 2, 1, NULL, NULL),
(29, 'iPad', 3, 1, NULL, NULL),
(30, 'iPad Air', 3, 1, NULL, NULL),
(31, 'iPad Pro', 3, 1, NULL, NULL),
(32, 'iPad Mini', 3, 1, NULL, NULL),
(44, 'iPhone 11 Pro', 1, 1, '2020-10-21 13:32:27', '2020-11-18 13:11:36'),
(45, 'iPhone 11 Pro Max', 1, 1, '2020-10-21 13:32:27', '2020-11-18 13:11:45'),
(46, 'Magsafe2', 2, 1, '2020-11-11 15:43:28', '2020-11-11 15:43:28'),
(47, 'Magsafe 1', 14, 1, '2020-11-18 14:03:18', '2020-11-18 14:03:18'),
(48, '1', 12, 1, '2020-11-19 13:17:10', '2020-11-19 13:17:10'),
(49, 'magsafe 1', 13, 1, '2020-11-23 17:02:34', '2020-11-23 17:02:34'),
(50, 'Iphone SE 2020', 1, 1, '2020-11-25 15:39:56', '2020-11-25 15:39:56'),
(51, 'iMac', 15, 1, '2020-12-04 16:20:27', '2020-12-04 16:20:27'),
(52, 'iMac Pro', 15, 1, '2020-12-04 16:20:27', '2020-12-04 16:20:27'),
(53, 's1', 16, 1, '2020-12-09 16:22:21', '2020-12-09 16:22:21'),
(54, 's2', 16, 1, '2020-12-09 16:22:21', '2020-12-09 16:22:21'),
(55, 's3', 16, 1, '2020-12-09 16:22:21', '2020-12-09 16:22:21'),
(56, 's4', 16, 1, '2020-12-09 16:22:21', '2020-12-09 16:22:21'),
(57, 's5', 16, 1, '2020-12-09 16:22:21', '2020-12-09 16:22:21'),
(58, 's6', 16, 1, '2020-12-09 16:22:21', '2020-12-09 16:22:21'),
(59, 'se', 16, 1, '2020-12-09 16:22:21', '2020-12-09 16:22:21'),
(60, '8', 17, 1, '2020-12-29 16:51:43', '2020-12-29 16:51:43'),
(61, '9', 17, 1, '2020-12-29 16:51:43', '2020-12-29 16:51:43'),
(62, 'generico', 18, 1, '2021-01-05 16:59:23', '2021-01-05 16:59:23'),
(63, 'Huawei GT2', 16, 1, '2021-01-26 16:03:46', '2021-01-26 16:03:46'),
(64, 'Parlante Marley', 19, 1, '2021-01-28 14:49:48', '2021-01-28 14:49:48'),
(65, 'iPhone 12 Pro', 1, 1, '2021-03-01 17:05:19', '2021-03-01 17:05:19'),
(66, 'JBL', 19, 1, '2021-03-23 14:45:29', '2021-03-23 14:45:29'),
(67, 'Hp', 18, 1, '2021-04-14 16:26:32', '2021-04-14 16:26:32'),
(68, 'Ipod', 20, 1, '2021-04-20 21:46:15', '2021-04-20 21:46:15'),
(69, 'iPhone 12 ProMax', 1, 1, '2021-06-09 16:20:56', '2021-06-09 16:20:56'),
(70, 'Asus', 21, 1, '2021-06-17 16:42:26', '2021-06-17 16:42:26'),
(71, 'Lenovo', 21, 1, '2021-06-25 18:06:49', '2021-06-25 18:06:49'),
(72, 'iPad 6', 3, 1, '2021-07-06 19:23:58', '2021-07-06 19:23:58'),
(73, 'Macbook Pro 17', 2, 1, '2021-07-07 19:06:29', '2021-07-07 19:06:29'),
(74, 'no', 3, 1, '2021-07-08 18:41:31', '2021-07-08 18:41:31'),
(75, 'iPad 5', 3, 1, '2021-07-20 20:28:43', '2021-07-20 20:28:43'),
(76, 'samsung', 22, 1, '2021-08-19 16:39:44', '2021-08-19 16:39:44'),
(77, 'Motorola', 22, 1, '2021-09-01 14:14:01', '2021-09-01 14:14:01'),
(78, 'iPhone 12', 1, 1, '2021-09-27 19:27:01', '2021-09-27 19:27:01'),
(79, 'samsung', 23, 1, '2021-10-19 16:56:56', '2021-10-19 16:56:56'),
(80, 'Samsung', 24, 1, '2021-10-29 16:11:03', '2021-10-29 16:11:03'),
(81, 'Acer', 21, 1, '2021-11-04 14:28:29', '2021-11-04 14:28:29'),
(82, 'Huawei', 22, 1, '2021-11-11 14:31:09', '2021-11-11 14:31:09'),
(83, 'HP', 21, 1, '2021-11-18 17:16:56', '2021-11-18 17:16:56'),
(84, 'Dell', 21, 1, '2021-11-25 14:04:21', '2021-11-25 14:04:21'),
(85, 'Mac Mini', 18, 1, '2022-01-07 16:50:09', '2022-01-07 16:50:09'),
(86, 'iPhone 13 Pro', 1, 1, '2022-04-14 16:10:59', '2022-04-14 16:10:59'),
(87, 'Nokia', 22, 1, '2022-04-26 15:07:20', '2022-04-26 15:07:20'),
(88, 'Apple', 27, 1, '2022-09-30 15:20:08', '2022-09-30 15:20:08'),
(89, '14 Pro Max', 1, 1, '2022-10-13 15:46:54', '2022-10-13 15:46:54'),
(90, 'IPhone 12 Mini', 1, 1, '2022-10-26 14:07:20', '2022-10-26 14:07:20'),
(91, 'iPhone 13', 1, 1, '2022-12-09 17:37:39', '2022-12-09 17:37:39'),
(92, 'iPhone 14Pro Max', 1, 1, '2022-12-23 18:14:59', '2022-12-23 18:14:59'),
(93, 'Cats61', 28, 1, '2022-12-28 15:34:03', '2022-12-28 15:34:03'),
(94, 'Samsung', 21, 1, '2022-12-28 15:52:12', '2022-12-28 15:52:12'),
(95, 'iPhone 13Pro Max', 1, 1, '2023-01-05 15:38:21', '2023-01-05 15:38:21'),
(96, 'LaCie', 29, 1, '2023-01-30 19:24:23', '2023-01-30 19:24:23'),
(97, 'A10S', 30, 1, '2023-02-02 13:32:00', '2023-02-02 13:32:00'),
(98, 'S23 Ultra', 30, 1, '2023-02-17 15:22:04', '2023-02-17 15:22:04'),
(99, 'S7 41mm', 16, 1, '2023-02-17 16:38:58', '2023-02-17 16:38:58'),
(100, 'A71', 30, 1, '2023-02-24 19:19:31', '2023-02-24 19:19:31'),
(101, 'AirPods', 23, 1, '2023-06-01 14:02:00', '2023-06-01 14:02:00'),
(102, 'A04', 30, 1, '2023-06-12 17:51:31', '2023-06-12 17:51:31'),
(103, 'Garmin', 16, 1, '2023-06-22 20:39:04', '2023-06-22 20:39:04'),
(104, 'JLAB', 23, 1, '2023-06-29 18:16:45', '2023-06-29 18:16:45'),
(105, 'Apple', 31, 1, '2023-06-30 15:30:08', '2023-06-30 15:30:08'),
(106, 'iPhone 14', 1, 1, '2023-06-30 17:40:48', '2023-06-30 17:40:48'),
(107, 'POCO', 22, 1, '2023-07-17 17:00:32', '2023-07-17 17:00:32'),
(108, 'Redmi', 32, 1, '2023-07-18 18:35:20', '2023-07-18 18:35:20'),
(109, 'Bose', 19, 1, '2023-07-27 15:43:11', '2023-07-27 15:43:11'),
(110, 'One Plus', 22, 1, '2023-09-28 20:37:15', '2023-09-28 20:37:15'),
(111, 'iPhone 15', 1, 1, '2023-10-19 20:53:32', '2023-10-19 20:53:32'),
(112, 'gamer', 33, 1, '2023-10-19 20:54:28', '2023-10-19 20:54:28'),
(113, 'S22', 30, 1, '2023-11-13 14:29:41', '2023-11-13 14:29:41'),
(114, 'Generoico', 19, 1, '2024-01-24 15:35:50', '2024-01-24 15:35:50'),
(115, 'Genérico', 19, 1, '2024-01-24 15:36:08', '2024-01-24 15:36:08'),
(116, 'Xiaomi', 22, 1, '2024-02-20 14:40:19', '2024-02-20 14:40:19'),
(117, 'Mac Mini', 25, 1, '2024-02-26 19:46:56', '2024-02-26 19:46:56'),
(118, 'Nothing Phone', 22, 1, '2024-02-29 20:02:55', '2024-02-29 20:02:55'),
(119, 'iPhone 15 Pro', 1, 1, '2024-03-04 18:11:55', '2024-03-04 18:11:55'),
(120, 'iPhone 15 Pro Max', 1, 1, '2024-03-05 17:26:19', '2024-03-05 17:26:19'),
(121, 'Lenovo', 24, 1, '2024-03-06 19:50:53', '2024-03-06 19:50:53'),
(122, 'iPhone 13mini', 1, 1, '2024-03-11 13:56:41', '2024-03-11 13:56:41'),
(123, 'Iphone 16', 1, 1, NULL, NULL),
(124, '22', 41, 1, NULL, NULL),
(125, '50', 41, 1, NULL, NULL),
(126, 'popotipo', 42, 1, NULL, NULL),
(127, 'Danniels', 44, 1, NULL, NULL),
(137, 'xiaomi redmi 12', 45, 1, NULL, NULL),
(138, 'Honor Magic Pro', 48, 0, NULL, NULL);

-- --------------------------------------------------------

--
-- Estructura de tabla para la tabla `equipos`
--

CREATE TABLE `equipos` (
  `id` int(11) NOT NULL,
  `nombre` varchar(45) NOT NULL,
  `estado` int(11) DEFAULT NULL,
  `created_at` timestamp NULL DEFAULT NULL,
  `updated_at` timestamp NULL DEFAULT NULL
) ENGINE=InnoDB DEFAULT CHARSET=utf8mb4 COLLATE=utf8mb4_general_ci;

--
-- Volcado de datos para la tabla `equipos`
--

INSERT INTO `equipos` (`id`, `nombre`, `estado`, `created_at`, `updated_at`) VALUES
(1, 'iPhone', 1, '2020-02-03 09:00:00', '2020-02-03 09:00:00'),
(2, 'Macbook', 0, '2020-02-03 09:00:00', '2020-02-03 09:00:00'),
(3, 'iPad', 0, '2020-02-03 09:00:00', '2020-02-03 09:00:00'),
(12, 'Magsafe 2', 0, '2020-11-11 15:43:12', '2020-11-11 15:43:12'),
(13, 'MagSafe 1', 0, '2020-11-18 14:02:56', '2020-11-18 14:02:56'),
(14, 'MagSafe 1', 0, '2020-11-18 14:03:18', '2020-11-18 14:03:18'),
(15, 'iMac', 0, '2020-12-04 16:20:27', '2020-12-04 16:20:27'),
(16, 'watch', 0, '2020-12-09 16:22:21', '2020-12-09 16:22:21'),
(17, 'GoPRO', 0, '2020-12-29 16:51:43', '2020-12-29 16:51:43'),
(18, 'PC', 0, '2021-01-05 16:59:23', '2021-01-05 16:59:23'),
(19, 'Parlante', 1, '2021-01-28 14:49:48', '2021-01-28 14:49:48'),
(20, 'Ipod', 1, '2021-04-20 21:46:15', '2021-04-20 21:46:15'),
(21, 'Notebook', 1, '2021-06-17 16:42:26', '2021-06-17 16:42:26'),
(22, 'Android', 1, '2021-08-19 16:39:44', '2021-08-19 16:39:44'),
(23, 'audifonos', 1, '2021-10-19 16:56:56', '2021-10-19 16:56:56'),
(24, 'Tablet', 1, '2021-10-29 16:11:03', '2021-10-29 16:11:03'),
(25, 'Mac mini', 1, '2022-01-07 16:47:34', '2022-01-07 16:47:34'),
(26, 'MagicMouse', 1, '2022-08-17 20:02:07', '2022-08-17 20:02:07'),
(27, 'Apple TV', 1, '2022-09-30 15:20:08', '2022-09-30 15:20:08'),
(28, 'Cat', 1, '2022-12-28 15:34:03', '2022-12-28 15:34:03'),
(29, 'Disco Duro', 1, '2023-01-30 19:24:23', '2023-01-30 19:24:23'),
(30, 'samsung', 1, '2023-02-02 13:32:00', '2023-02-02 13:32:00'),
(31, 'Magic Keyboard', 1, '2023-03-01 20:28:20', '2023-03-01 20:28:20'),
(32, 'Xiaomi', 1, '2023-07-18 18:35:20', '2023-07-18 18:35:20'),
(33, 'silla', 1, '2023-10-19 20:54:28', '2023-10-19 20:54:28'),
(34, 'iphone 16', 1, '2024-02-08 16:41:18', '2024-02-08 16:41:18'),
(35, 'iphone 16', 1, '2024-02-08 16:41:18', '2024-02-08 16:41:18'),
(36, 'Generico', 1, '2024-03-11 13:44:39', '2024-03-11 13:44:39'),
(37, 'jacinto', 1, NULL, NULL),
(38, 'Mamani', 1, NULL, NULL),
(39, 'cocout', 1, NULL, NULL),
(40, 'oeoeoe', 1, NULL, NULL),
(41, 'RRRR', 1, NULL, NULL),
(42, 'popo', 1, NULL, NULL),
(43, 'paco', 1, NULL, NULL),
(44, 'JAck', 1, NULL, NULL),
(45, 'xiaomi 12', 0, '2024-06-14 19:38:39', '2024-06-14 19:38:39'),
(48, 'Honor Magic', 1, NULL, NULL),
(49, 'Huawei', 1, NULL, NULL);

-- --------------------------------------------------------

--
-- Estructura de tabla para la tabla `equipo_has__preguntas`
--

CREATE TABLE `equipo_has__preguntas` (
  `id` int(11) NOT NULL,
  `id_equipo` int(11) NOT NULL,
  `id_pregunta` int(11) NOT NULL,
  `estado` int(11) DEFAULT NULL,
  `habilitado` int(250) NOT NULL DEFAULT 1,
  `updated_at` timestamp NOT NULL DEFAULT current_timestamp(),
  `created_at` timestamp NOT NULL DEFAULT current_timestamp() ON UPDATE current_timestamp()
) ENGINE=InnoDB DEFAULT CHARSET=utf8mb4 COLLATE=utf8mb4_general_ci;

--
-- Volcado de datos para la tabla `equipo_has__preguntas`
--

INSERT INTO `equipo_has__preguntas` (`id`, `id_equipo`, `id_pregunta`, `estado`, `habilitado`, `updated_at`, `created_at`) VALUES
(144, 1, 1, 2, 1, '2020-09-15 22:55:03', '2024-10-16 14:52:21'),
(147, 1, 3, 1, 1, '2020-09-15 23:43:12', '2024-10-16 14:52:21'),
(148, 1, 5, 1, 0, '2020-09-15 23:43:16', '2024-10-16 15:51:19'),
(150, 1, 7, 1, 0, '2020-09-15 23:43:25', '2024-10-16 15:52:08'),
(151, 1, 9, 1, 0, '2020-09-15 23:43:29', '2024-10-16 17:41:54'),
(152, 1, 11, 1, 0, '2020-09-15 23:43:33', '2024-10-16 17:44:54'),
(153, 1, 12, 1, 0, '2020-09-15 23:43:37', '2024-10-16 17:57:13'),
(154, 1, 13, 1, 1, '2020-09-15 23:43:45', '2024-10-16 14:52:21'),
(155, 1, 15, 1, 1, '2020-09-15 23:43:49', '2024-10-16 14:52:21'),
(156, 1, 17, 1, 1, '2020-09-15 23:43:58', '2024-10-16 14:52:21'),
(157, 1, 16, 1, 1, '2020-09-15 23:44:01', '2024-10-16 14:52:21'),
(158, 1, 18, 1, 1, '2020-09-15 23:44:07', '2024-10-16 14:52:21'),
(159, 1, 8, 1, 0, '2020-09-15 23:44:45', '2024-10-16 17:34:31'),
(160, 1, 4, 1, 0, '2020-09-15 23:45:02', '2024-10-16 15:52:17'),
(161, 1, 14, 1, 1, '2020-09-15 23:45:23', '2024-10-16 14:52:21'),
(162, 1, 10, 1, 0, '2020-09-15 23:46:35', '2024-10-16 17:43:26'),
(164, 1, 3, 2, 1, '2020-09-16 00:00:40', '2024-10-16 14:52:21'),
(165, 1, 4, 2, 1, '2020-09-16 00:00:47', '2024-10-16 14:52:21'),
(166, 1, 5, 2, 1, '2020-09-16 00:00:52', '2024-10-16 14:52:21'),
(168, 1, 1, 3, 1, '2020-09-16 00:01:24', '2024-06-21 19:45:17'),
(170, 1, 2, 3, 1, '2020-09-16 00:01:38', '2024-10-16 14:52:21'),
(171, 1, 3, 3, 1, '2020-09-16 00:01:41', '2024-10-16 14:52:21'),
(172, 1, 4, 3, 1, '2020-09-16 00:01:44', '2024-10-16 14:52:21'),
(173, 1, 5, 3, 1, '2020-09-16 00:01:50', '2024-10-16 14:52:21'),
(174, 1, 6, 3, 1, '2020-09-16 00:01:58', '2024-10-16 14:52:21'),
(175, 1, 8, 3, 1, '2020-09-16 00:02:13', '2024-10-16 14:52:21'),
(176, 1, 9, 3, 1, '2020-09-16 00:02:18', '2024-10-16 14:52:21'),
(177, 1, 10, 3, 1, '2020-09-16 00:02:25', '2024-10-16 14:52:21'),
(178, 1, 11, 3, 1, '2020-09-16 00:02:31', '2024-10-16 14:52:21'),
(179, 1, 12, 3, 1, '2020-09-16 00:02:38', '2024-10-16 14:52:21'),
(180, 1, 18, 3, 1, '2020-09-16 00:02:44', '2024-10-16 14:52:21'),
(181, 2, 1, 1, 1, '2020-09-16 00:06:16', '2024-10-17 13:56:29'),
(182, 2, 2, 1, 1, '2020-09-16 00:06:24', '2024-10-16 14:52:21'),
(183, 2, 3, 1, 1, '2020-09-16 00:06:28', '2024-10-16 14:52:21'),
(189, 2, 20, 1, 1, '2020-09-16 00:08:13', '2024-10-16 14:52:21'),
(190, 2, 22, 1, 1, '2020-09-16 00:09:19', '2024-10-16 14:52:21'),
(192, 2, 24, 1, 1, '2020-09-16 00:09:45', '2024-10-16 14:52:21'),
(194, 2, 31, 1, 1, '2020-09-16 00:10:33', '2024-10-16 14:52:21'),
(195, 2, 30, 1, 1, '2020-09-16 00:10:45', '2024-10-16 14:52:21'),
(196, 2, 5, 1, 0, '2020-09-16 00:12:00', '2024-10-16 15:51:19'),
(197, 2, 21, 1, 1, '2020-09-16 00:13:46', '2024-10-16 14:52:21'),
(198, 2, 7, 1, 0, '2020-09-16 00:15:46', '2024-10-16 15:52:08'),
(200, 2, 8, 1, 0, '2020-09-16 00:16:10', '2024-10-16 17:34:31'),
(203, 3, 1, 1, 0, '2020-09-16 00:18:30', '2024-10-17 12:35:10'),
(205, 2, 1, 2, 1, '2020-09-16 00:19:05', '2024-10-16 14:52:21'),
(206, 2, 2, 2, 1, '2020-09-16 00:19:09', '2024-10-16 14:52:21'),
(207, 2, 3, 2, 1, '2020-09-16 00:19:12', '2024-10-16 14:52:21'),
(209, 2, 5, 2, 1, '2020-09-16 00:19:18', '2024-10-16 14:52:21'),
(210, 2, 6, 2, 1, '2020-09-16 00:19:22', '2024-10-16 14:52:21'),
(211, 2, 1, 3, 1, '2020-09-16 00:19:39', '2024-10-16 14:52:21'),
(212, 2, 2, 3, 1, '2020-09-16 00:19:41', '2024-10-16 14:52:21'),
(213, 2, 3, 3, 1, '2020-09-16 00:19:44', '2024-10-16 14:52:21'),
(214, 2, 5, 3, 1, '2020-09-16 00:19:47', '2024-10-16 14:52:21'),
(215, 2, 6, 3, 1, '2020-09-16 00:19:51', '2024-10-16 14:52:21'),
(217, 2, 20, 3, 1, '2020-09-16 00:20:58', '2024-10-16 14:52:21'),
(218, 2, 21, 3, 1, '2020-09-16 00:21:16', '2024-10-16 14:52:21'),
(219, 2, 22, 3, 1, '2020-09-16 00:21:39', '2024-10-16 14:52:21'),
(221, 2, 32, 1, 1, '2020-09-16 00:23:15', '2024-10-16 14:52:21'),
(224, 3, 1, 2, 1, '2020-09-16 00:27:10', '2024-10-16 14:52:21'),
(225, 3, 2, 2, 1, '2020-09-16 00:27:13', '2024-10-16 14:52:21'),
(226, 3, 3, 1, 1, '2020-09-16 00:27:16', '2024-10-16 14:52:21'),
(227, 3, 3, 2, 1, '2020-09-16 00:27:17', '2024-10-16 14:52:21'),
(230, 3, 5, 1, 0, '2020-09-16 00:27:25', '2024-10-16 15:51:19'),
(231, 3, 5, 2, 1, '2020-09-16 00:27:26', '2024-10-16 14:52:21'),
(234, 3, 1, 3, 1, '2020-09-16 00:27:36', '2024-10-16 14:52:21'),
(235, 3, 2, 3, 1, '2020-09-16 00:27:40', '2024-10-16 14:52:21'),
(236, 3, 3, 3, 1, '2020-09-16 00:27:42', '2024-10-16 14:52:21'),
(237, 3, 4, 3, 1, '2020-09-16 00:27:45', '2024-10-16 14:52:21'),
(238, 3, 5, 3, 1, '2020-09-16 00:27:53', '2024-10-15 16:28:03'),
(239, 3, 6, 3, 1, '2020-09-16 00:27:56', '2024-10-16 14:52:21'),
(240, 3, 8, 3, 1, '2020-09-16 00:28:24', '2024-10-16 14:52:21'),
(241, 3, 8, 1, 0, '2020-09-16 00:28:25', '2024-10-16 17:34:31'),
(242, 3, 9, 3, 1, '2020-09-16 00:28:37', '2024-10-16 14:52:21'),
(243, 3, 10, 3, 1, '2020-09-16 00:28:43', '2024-10-16 14:52:21'),
(245, 3, 11, 3, 1, '2020-09-16 00:28:52', '2024-10-16 14:52:21'),
(246, 3, 12, 3, 1, '2020-09-16 00:28:58', '2024-10-16 14:52:21'),
(247, 3, 18, 3, 1, '2020-09-16 00:29:10', '2024-10-16 14:52:21'),
(248, 3, 18, 1, 1, '2020-09-16 00:30:14', '2024-10-16 14:52:21'),
(249, 3, 17, 1, 1, '2020-09-16 00:30:21', '2024-10-16 14:52:21'),
(250, 3, 16, 1, 1, '2020-09-16 00:30:27', '2024-10-16 14:52:21'),
(251, 3, 15, 1, 1, '2020-09-16 00:30:34', '2024-10-16 14:52:21'),
(252, 3, 14, 1, 1, '2020-09-16 00:30:39', '2024-10-16 14:52:21'),
(254, 3, 13, 1, 1, '2020-09-16 00:30:45', '2024-10-16 14:52:21'),
(255, 3, 11, 1, 0, '2020-09-16 00:30:49', '2024-10-16 17:44:54'),
(256, 3, 10, 1, 0, '2020-09-16 00:30:56', '2024-10-16 17:43:26'),
(257, 3, 9, 1, 0, '2020-09-16 00:31:04', '2024-10-16 17:41:54'),
(258, 3, 12, 1, 0, '2020-09-16 00:32:14', '2024-10-16 17:57:13'),
(259, 3, 7, 1, 0, '2020-09-16 00:32:28', '2024-10-16 15:52:08'),
(262, 1, 2, 1, 1, '2020-09-30 19:41:12', '2024-10-16 14:52:21'),
(263, 1, 7, 2, 1, '2020-09-30 19:41:56', '2024-10-16 14:52:21'),
(264, 1, 7, 3, 1, '2020-09-30 19:42:01', '2024-10-16 14:52:21'),
(265, 1, 9, 2, 1, '2020-09-30 19:42:21', '2024-10-16 14:52:21'),
(266, 1, 11, 2, 1, '2020-09-30 19:42:45', '2024-10-16 14:52:21'),
(267, 1, 13, 2, 1, '2020-09-30 19:44:19', '2024-10-16 14:52:21'),
(268, 1, 13, 3, 1, '2020-09-30 19:44:20', '2024-06-21 19:41:23'),
(269, 1, 15, 3, 1, '2020-09-30 19:45:09', '2024-10-16 14:52:21'),
(270, 1, 16, 3, 1, '2020-09-30 19:45:16', '2024-10-16 14:52:21'),
(271, 1, 17, 3, 1, '2020-09-30 19:45:22', '2024-10-16 14:52:21'),
(272, 2, 4, 3, 1, '2020-09-30 19:46:45', '2024-10-16 14:52:21'),
(273, 1, 6, 1, 0, '2020-09-30 19:48:40', '2024-10-16 15:52:14'),
(274, 2, 8, 3, 1, '2020-09-30 19:49:17', '2024-10-16 14:52:21'),
(275, 3, 7, 3, 1, '2020-09-30 19:49:27', '2024-10-16 14:52:21'),
(276, 1, 33, 1, 1, '2020-10-01 18:54:39', '2024-10-16 14:52:21'),
(278, 2, 9, 1, 0, '2021-06-02 19:11:54', '2024-10-16 17:41:54'),
(279, 2, 9, 2, 1, '2021-06-02 19:11:55', '2024-10-16 14:52:21'),
(280, 2, 9, 3, 1, '2021-06-02 19:11:55', '2024-10-16 14:52:21'),
(281, 3, 9, 2, 1, '2021-06-02 19:13:24', '2024-10-16 14:52:21'),
(283, 15, 9, 1, 0, '2021-06-02 19:13:39', '2024-10-16 17:41:54'),
(284, 15, 9, 2, 1, '2021-06-02 19:13:39', '2024-10-16 14:52:21'),
(285, 15, 9, 3, 1, '2021-06-02 19:13:40', '2024-10-16 14:52:21'),
(294, 13, 1, 1, 0, '2024-06-21 15:30:46', '2024-10-17 12:35:10'),
(295, 15, 1, 1, 0, '2024-06-21 20:06:20', '2024-10-17 12:35:10'),
(296, 15, 1, 3, 1, '2024-06-25 18:46:16', '2024-10-16 14:52:21'),
(297, 17, 1, 3, 1, '2024-06-25 18:47:10', '2024-10-16 14:52:21'),
(298, 12, 1, 1, 0, '2024-08-13 23:16:41', '2024-10-17 12:35:10'),
(299, 16, 1, 1, 0, '2024-08-14 22:18:53', '2024-10-17 12:35:10'),
(300, 15, 1, 2, 1, '2024-10-14 19:49:49', '2024-10-16 14:52:21'),
(301, 3, 5, 3, 1, '2024-10-15 16:28:27', '2024-10-16 14:52:21'),
(304, 2, 12, 1, 0, '2024-10-16 17:54:25', '2024-10-16 17:57:13'),
(305, 1, 1, 1, 1, '2024-10-16 18:02:24', '2024-10-17 13:56:26'),
(306, 1, 1, 1, 0, '2024-10-17 12:36:09', '2024-10-17 13:33:45'),
(307, 17, 1, 1, 0, '2024-10-17 13:34:45', '2024-10-17 13:53:14');

-- --------------------------------------------------------

--
-- Estructura de tabla para la tabla `estados_ordenes`
--

CREATE TABLE `estados_ordenes` (
  `id` int(10) NOT NULL,
  `nombre_estado` varchar(45) DEFAULT NULL,
  `created_at` timestamp NULL DEFAULT NULL,
  `updated_at` timestamp NULL DEFAULT NULL
) ENGINE=InnoDB DEFAULT CHARSET=utf8mb4 COLLATE=utf8mb4_unicode_ci;

--
-- Volcado de datos para la tabla `estados_ordenes`
--

INSERT INTO `estados_ordenes` (`id`, `nombre_estado`, `created_at`, `updated_at`) VALUES
(1, 'INGRESADA', '2020-02-04 09:00:00', '2020-02-04 09:00:00'),
(2, 'EN REVISIÓN', NULL, NULL),
(3, 'PARA RETIRO', NULL, NULL),
(4, 'GARANTÍA', NULL, NULL),
(5, 'ENTREGADO', NULL, NULL);

-- --------------------------------------------------------

--
-- Estructura de tabla para la tabla `estado_equipos`
--

CREATE TABLE `estado_equipos` (
  `id` int(11) NOT NULL,
  `nombre` varchar(45) NOT NULL,
  `created_at` timestamp NOT NULL DEFAULT current_timestamp(),
  `updated_at` timestamp NOT NULL DEFAULT current_timestamp() ON UPDATE current_timestamp()
) ENGINE=InnoDB DEFAULT CHARSET=utf8mb4 COLLATE=utf8mb4_general_ci;

--
-- Volcado de datos para la tabla `estado_equipos`
--

INSERT INTO `estado_equipos` (`id`, `nombre`, `created_at`, `updated_at`) VALUES
(1, 'Prendido', '2020-09-11 00:39:47', '2020-09-11 00:39:47'),
(2, 'Apagado', '2020-09-11 00:39:47', '2020-09-11 00:39:47'),
(3, 'Bloqueado', '2020-09-11 00:39:58', '2020-09-11 00:39:58');

-- --------------------------------------------------------

--
-- Estructura de tabla para la tabla `formadepago`
--

CREATE TABLE `formadepago` (
  `id` int(11) NOT NULL,
  `nombre` varchar(45) NOT NULL,
  `created_at` timestamp NOT NULL DEFAULT current_timestamp()
) ENGINE=InnoDB DEFAULT CHARSET=utf8 COLLATE=utf8_general_ci;

--
-- Volcado de datos para la tabla `formadepago`
--

INSERT INTO `formadepago` (`id`, `nombre`, `created_at`) VALUES
(1, 'Efectivo', '2020-02-14 01:38:35'),
(2, 'Debito', '2020-02-14 01:38:35'),
(3, 'Credito', '2020-02-14 01:38:44');

-- --------------------------------------------------------

--
-- Estructura de tabla para la tabla `garantias`
--

CREATE TABLE `garantias` (
  `id` int(11) NOT NULL,
  `fecha` timestamp NOT NULL DEFAULT current_timestamp(),
  `orden_id` int(11) NOT NULL,
  `subtotal` int(11) NOT NULL DEFAULT 0,
  `iva` int(11) NOT NULL DEFAULT 0,
  `descuento` int(11) NOT NULL DEFAULT 0,
  `total` int(11) NOT NULL DEFAULT 0
) ENGINE=InnoDB DEFAULT CHARSET=utf8mb4 COLLATE=utf8mb4_general_ci;

--
-- Volcado de datos para la tabla `garantias`
--

INSERT INTO `garantias` (`id`, `fecha`, `orden_id`, `subtotal`, `iva`, `descuento`, `total`) VALUES
(3, '2024-05-17 00:00:00', 1, 0, 0, 0, 0),
(4, '2024-05-17 00:00:00', 1, 0, 0, 0, 0),
(5, '2024-05-20 00:00:00', 1, 0, 0, 0, 0),
(6, '2024-08-16 00:00:00', 1, 0, 0, 0, 0),
(7, '2024-08-16 00:00:00', 4, 0, 0, 0, 0),
(8, '2024-09-04 00:00:00', 14, 0, 0, 0, 0),
(9, '2024-09-13 00:00:00', 14, 0, 0, 0, 0),
(10, '2024-09-13 00:00:00', 18, 0, 0, 0, 0),
(11, '2024-09-13 00:00:00', 7, 0, 0, 0, 0),
(12, '2024-09-23 00:00:00', 19, 0, 0, 0, 0),
(13, '2024-09-23 00:00:00', 19, 0, 0, 0, 0),
(14, '2024-09-23 00:00:00', 20, 0, 0, 0, 0),
(15, '2024-09-23 00:00:00', 21, 0, 0, 0, 0),
(16, '2024-09-23 00:00:00', 21, 0, 0, 0, 0),
(17, '2024-09-23 00:00:00', 21, 0, 0, 0, 0),
(18, '2024-09-23 00:00:00', 21, 0, 0, 0, 0),
(19, '2024-09-23 00:00:00', 21, 59980, 11396, 0, 59980),
(20, '2024-09-23 00:00:00', 22, 49980, 9496, 0, 49980),
(21, '2024-09-23 00:00:00', 26, 19990, 3798, 0, 19990),
(22, '2024-09-23 00:00:00', 24, 29990, 5698, 500, 29490),
(23, '2024-09-24 00:00:00', 24, 39980, 7596, 0, 39980),
(24, '2024-09-24 00:00:00', 24, 49980, 9496, 0, 49980),
(25, '2024-09-24 00:00:00', 24, 129990, 24698, 0, 129990),
(26, '2024-09-24 00:00:00', 27, 19990, 3798, 0, 19990),
(27, '2024-09-24 00:00:00', 27, 16192, 3798, 0, 19990),
(28, '2024-09-24 00:00:00', 28, 16192, 3798, 0, 19990),
(29, '2024-09-25 00:00:00', 27, 137684, 32296, 0, 169980),
(30, '2024-09-25 00:00:00', 27, 24292, 5698, 0, 29990);

-- --------------------------------------------------------

--
-- Estructura de tabla para la tabla `ordenes`
--

CREATE TABLE `ordenes` (
  `id` int(10) UNSIGNED NOT NULL,
  `fecha_entrega` date DEFAULT NULL,
  `tecnico` varchar(45) DEFAULT NULL,
  `cliente_id` int(10) UNSIGNED DEFAULT NULL,
  `fecha_salida` date DEFAULT NULL,
  `imei` bigint(100) DEFAULT NULL,
  `codigo` varchar(255) DEFAULT NULL,
  `metodoPago` varchar(10) DEFAULT NULL,
  `id_equipo` int(11) NOT NULL,
  `id_dispositivo` int(11) NOT NULL,
  `estado_dispositivo` int(1) NOT NULL,
  `observacion` varchar(500) DEFAULT NULL,
  `estado` varchar(45) NOT NULL,
  `total_recepcion` int(11) NOT NULL,
  `total` int(11) NOT NULL DEFAULT 0,
  `iva` int(11) NOT NULL DEFAULT 0,
  `descuento` int(11) NOT NULL DEFAULT 0,
  `subtotal` int(11) NOT NULL DEFAULT 0,
  `id_ultima_garantia` int(2) DEFAULT NULL,
  `created_at` timestamp NULL DEFAULT current_timestamp(),
  `updated_at` timestamp NULL DEFAULT current_timestamp() ON UPDATE current_timestamp()
) ENGINE=InnoDB DEFAULT CHARSET=utf8mb4 COLLATE=utf8mb4_unicode_ci;

--
-- Volcado de datos para la tabla `ordenes`
--

INSERT INTO `ordenes` (`id`, `fecha_entrega`, `tecnico`, `cliente_id`, `fecha_salida`, `imei`, `codigo`, `metodoPago`, `id_equipo`, `id_dispositivo`, `estado_dispositivo`, `observacion`, `estado`, `total_recepcion`, `total`, `iva`, `descuento`, `subtotal`, `id_ultima_garantia`, `created_at`, `updated_at`) VALUES
(1, '2024-05-20', 'Michael Aguirre', 1, NULL, NULL, 'waki2020', '1', 2, 20, 1, 'tiene sucios los puertos de carga no funcionan.', '4', 299930, 299930, 56987, 0, 299930, 6, '2024-05-13 20:47:00', '2024-09-13 13:24:52'),
(2, '2024-05-17', 'Michael Aguirre', 1, NULL, NULL, '123456', '1', 1, 18, 2, 'necesita mantenimiento ', '3', 49980, 49980, 9496, 0, 49980, 0, '2024-05-11 21:50:00', '2024-09-13 13:24:52'),
(3, '2024-09-12', 'Michael Aguirre', 2, NULL, NULL, NULL, '1', 1, 45, 1, 'bla', '5', 29990, 29990, 5698, 0, 29990, NULL, '2024-05-20 06:52:00', '2024-09-13 13:24:52'),
(4, '2024-05-23', 'Michael Aguirre', 3, NULL, NULL, '0433', '1', 1, 119, 2, 'El equipo necesita mantención y reparación de bluetooth', '4', -19990, -19990, 0, 19990, 0, 7, '2024-05-20 16:53:00', '2024-09-13 13:24:52'),
(5, '2024-08-15', 'Michael Aguirre', 55, NULL, 8979879879, '87987', NULL, 1, 3, 1, NULL, '1', 19990, 19990, 0, 0, 0, NULL, '2024-08-14 22:34:00', '2024-09-13 13:24:52'),
(6, '2024-08-15', 'Michael Aguirre', 55, NULL, 987987987, '8979879', NULL, 3, 29, 1, NULL, '1', 19990, 19990, 0, 0, 0, NULL, '2024-08-14 23:23:00', '2024-09-13 13:24:52'),
(7, '2024-09-13', 'Michael Aguirre', 55, NULL, 12312312, '123123123', '1', 3, 72, 2, NULL, '4', 19990, 0, 3798, 0, 0, 11, '2024-08-14 23:36:00', '2024-09-13 15:04:06'),
(8, '2024-08-15', 'Michael Aguirre', 55, NULL, 123123123, '8979879', NULL, 12, 48, 3, 'adasdas', '1', 19990, 19990, 0, 0, 0, NULL, '2024-08-14 23:44:00', '2024-09-13 13:24:52'),
(9, '2024-08-03', 'Michael Aguirre', 55, NULL, 897987, '8979879', NULL, 3, 29, 3, '789897', '1', 19990, 19990, 0, 0, 0, NULL, '2024-08-14 23:45:00', '2024-09-13 13:24:52'),
(10, '2024-08-08', 'Michael Aguirre', 55, NULL, 9809809, '8979879', NULL, 19, 66, 1, NULL, '1', 19990, 19990, 0, 0, 0, NULL, '2024-08-15 00:06:00', '2024-09-13 13:24:52'),
(11, '2024-08-02', 'Michael Aguirre', 55, NULL, 9809809, '8979879', NULL, 18, 67, 1, NULL, '1', 19990, 19990, 0, 0, 0, NULL, '2024-08-15 00:14:00', '2024-09-13 13:24:52'),
(12, '2024-08-17', 'Michael Aguirre', 56, NULL, 9809809, '8979879', NULL, 15, 52, 3, 'jkhkjh', '1', 19990, 19990, 0, 0, 0, NULL, '2024-08-16 16:08:00', '2024-09-13 13:24:52'),
(13, '2024-08-19', 'Michael Aguirre', 56, NULL, 7687687687, '8979879', '1', 15, 51, 1, 'La pantalla esta completamente trizada observacion', '5', 29990, 29990, 5698, 0, 29990, NULL, '2024-08-19 20:47:00', '2024-09-13 13:24:52'),
(14, '2024-09-04', 'Michael Aguirre', 56, NULL, 12313123123123, '123123123123', '1', 1, 2, 3, 'Prueba', '4', 80000, 80000, 15200, 0, 80000, 9, '2024-09-05 03:01:00', '2024-09-13 13:24:52'),
(15, '2024-09-07', 'Michael Aguirre', 56, NULL, 1231231231, '8979879', NULL, 1, 2, 1, NULL, '1', 19990, 19990, 0, 0, 0, NULL, '2024-09-05 15:20:00', '2024-09-13 13:24:52'),
(16, '2024-09-13', 'Michael Aguirre', 56, NULL, 1231231231, '89798798979', NULL, 1, 6, 1, NULL, '1', 19990, 19990, 0, 0, 0, NULL, '2024-09-06 13:53:00', '2024-09-13 13:24:52'),
(17, '1973-09-24', 'Michael Aguirre', 57, NULL, 30, '987987987987987', NULL, 29, 96, 2, 'Fugiat minima quo v', '3', 0, 27, 5, 0, 27, NULL, '1991-06-12 01:46:00', '2024-09-13 15:03:08'),
(18, '2024-09-13', 'Michael Aguirre', 56, NULL, 456456, '987987987987987', '1', 2, 20, 2, NULL, '4', 30000, 19990, 3798, 0, 19990, 10, '2024-09-13 14:28:00', '2024-09-13 14:55:31'),
(19, '2024-09-23', 'Michael Aguirre', 55, NULL, 7988, '987987987987987', '1', 2, 19, 1, 'holam undo', '4', 19990, 0, 0, 0, 79970, 13, '2024-09-23 16:50:00', '2024-09-23 17:20:41'),
(20, '2024-09-23', 'Michael Aguirre', 56, NULL, 6788888, '8979879', '1', 3, 29, 1, NULL, '5', 19990, 49980, 9496, 0, 49980, 14, '2024-09-23 17:21:00', '2024-09-23 21:13:34'),
(21, '2024-09-23', 'Michael Aguirre', 55, NULL, 6788888, '8979879', '1', 2, 21, 1, NULL, '5', 19990, 0, 0, 0, 0, 19, '2024-09-23 20:49:00', '2024-09-23 21:39:40'),
(22, '2024-09-23', 'Michael Aguirre', 56, NULL, 12312312312, '8979879', '1', 2, 19, 1, NULL, '5', 19990, 0, 0, 0, 39980, 20, '2024-09-23 21:40:00', '2024-09-23 21:44:07'),
(23, '2024-09-25', 'Michael Aguirre', 56, NULL, 123423423, '123123123123', NULL, 2, 23, 1, NULL, '1', 19990, 19990, 0, 0, 0, NULL, '2024-09-23 21:46:00', '2024-09-23 21:46:38'),
(24, '2024-09-23', 'Michael Aguirre', 56, NULL, 987987, '8979879', NULL, 1, 3, 2, NULL, '5', 19990, 19490, 3798, 500, 19990, 25, '2024-09-23 21:49:00', '2024-09-24 18:12:43'),
(25, '2024-09-23', 'Michael Aguirre', 55, NULL, 123213312, '123123123123', '1', 15, 52, 1, NULL, '4', 19990, 18990, 3798, 1000, 19990, NULL, '2024-09-23 21:54:00', '2024-09-23 21:59:25'),
(26, '2024-09-23', 'Michael Aguirre', 56, NULL, 789897, '79889', '1', 15, 52, 1, NULL, '5', 19990, 0, 0, 0, 19990, 21, '2024-09-23 21:55:00', '2024-09-23 21:56:48'),
(27, '2024-09-24', 'Michael Aguirre', 56, NULL, 567756567, '123123123123', NULL, 20, 68, 2, NULL, '5', 19990, 0, 0, 0, 0, 30, '2024-09-24 18:55:00', '2024-09-25 12:16:09'),
(28, '2024-09-24', 'Michael Aguirre', 56, NULL, 87989, '8979879', NULL, 17, 60, 1, NULL, '5', 19990, 29990, 5698, 0, 29990, 28, '2024-09-24 19:08:00', '2024-09-24 19:13:55'),
(29, '2024-09-25', 'Michael Aguirre', 56, NULL, 76876, '876786876', '1', 2, 21, 1, NULL, '5', 19990, 19990, 3798, 0, 19990, NULL, '2024-09-25 12:16:00', '2024-09-25 12:17:41'),
(30, '2024-10-10', 'Michael Aguirre', 55, NULL, 100000000000, '87987987987', '1', 2, 20, 1, NULL, '5', 19990, 0, 0, 0, 0, NULL, '2024-10-10 18:25:00', '2024-10-10 18:26:39'),
(31, '2024-10-10', 'Michael Aguirre', 56, NULL, 876876876, '786876876876', '1', 2, 20, 1, NULL, '5', 19990, 0, 0, 0, 0, NULL, '2024-10-10 18:39:00', '2024-10-10 18:40:28'),
(32, '2024-10-17', 'Michael Aguirre', 55, NULL, NULL, '67576576576', NULL, 1, 2, 1, NULL, '1', 19990, 0, 0, 0, 0, NULL, '2024-10-16 14:42:00', '2024-10-16 14:43:00');

-- --------------------------------------------------------

--
-- Estructura de tabla para la tabla `orden_has_servicios`
--

CREATE TABLE `orden_has_servicios` (
  `id` int(11) NOT NULL,
  `orden_id` int(11) NOT NULL,
  `servicio_id` int(11) NOT NULL,
  `responsable` varchar(255) NOT NULL,
  `garantia_id` int(2) DEFAULT NULL,
  `created_at` timestamp NOT NULL DEFAULT current_timestamp()
) ENGINE=InnoDB DEFAULT CHARSET=utf8mb4 COLLATE=utf8mb4_general_ci;

--
-- Volcado de datos para la tabla `orden_has_servicios`
--

INSERT INTO `orden_has_servicios` (`id`, `orden_id`, `servicio_id`, `responsable`, `garantia_id`, `created_at`) VALUES
(1, 1, 1, 'Michael Aguirre', NULL, '2024-05-15 18:12:00'),
(2, 1, 6, 'Michael Aguirre', NULL, '2024-05-15 18:15:00'),
(3, 1, 7, 'Michael Aguirre', NULL, '2024-05-15 18:15:00'),
(4, 2, 4, 'Michael Aguirre', NULL, '2024-05-16 18:40:00'),
(5, 1, 10, 'Michael Aguirre', NULL, '2024-05-17 19:59:00'),
(6, 1, 8, 'Michael Aguirre', 4, '2024-05-17 20:18:00'),
(7, 1, 4, 'Michael Aguirre', 5, '2024-05-20 20:44:00'),
(8, 3, 4, 'Michael Aguirre', NULL, '2024-05-23 18:28:00'),
(9, 13, 6, 'Michael Aguirre', NULL, '2024-08-19 20:50:00'),
(10, 14, 18, 'Michael Aguirre', NULL, '2024-09-05 03:07:00'),
(11, 14, 19, 'Michael Aguirre', NULL, '2024-09-05 03:07:00'),
(12, 14, 18, 'Michael Aguirre', NULL, '2024-09-05 03:08:00'),
(13, 14, 19, 'Michael Aguirre', 8, '2024-09-05 03:11:00'),
(14, 18, 1, 'Michael Aguirre', NULL, '2024-09-13 14:31:00'),
(15, 19, 1, 'Michael Aguirre', NULL, '2024-09-23 16:52:00'),
(16, 19, 3, 'Michael Aguirre', NULL, '2024-09-23 16:52:00'),
(17, 19, 6, 'Michael Aguirre', NULL, '2024-09-23 16:52:00'),
(18, 19, 2, 'Michael Aguirre', 12, '2024-09-23 16:58:00'),
(19, 19, 4, 'Michael Aguirre', 12, '2024-09-23 16:58:00'),
(20, 19, 8, 'Michael Aguirre', 12, '2024-09-23 16:58:00'),
(21, 20, 1, 'Michael Aguirre', NULL, '2024-09-23 17:22:00'),
(22, 20, 3, 'Michael Aguirre', NULL, '2024-09-23 17:23:00'),
(23, 20, 2, 'Michael Aguirre', 14, '2024-09-23 20:32:00'),
(24, 20, 3, 'Michael Aguirre', 14, '2024-09-23 20:32:00'),
(25, 21, 2, 'Michael Aguirre', NULL, '2024-09-23 21:12:00'),
(26, 21, 3, 'Michael Aguirre', NULL, '2024-09-23 21:12:00'),
(27, 21, 3, 'Michael Aguirre', 19, '2024-09-23 21:39:00'),
(28, 21, 6, 'Michael Aguirre', 19, '2024-09-23 21:39:00'),
(29, 22, 1, 'Michael Aguirre', NULL, '2024-09-23 21:42:00'),
(30, 22, 2, 'Michael Aguirre', NULL, '2024-09-23 21:42:00'),
(31, 22, 1, 'Michael Aguirre', 20, '2024-09-23 21:44:00'),
(32, 22, 9, 'Michael Aguirre', 20, '2024-09-23 21:44:00'),
(33, 24, 2, 'Michael Aguirre', NULL, '2024-09-23 21:52:00'),
(34, 25, 1, 'Michael Aguirre', NULL, '2024-09-23 21:55:00'),
(35, 26, 1, 'Michael Aguirre', 21, '2024-09-23 21:56:00'),
(36, 24, 6, 'Michael Aguirre', 22, '2024-09-23 22:02:00'),
(37, 24, 2, 'Michael Aguirre', 23, '2024-09-24 16:26:00'),
(38, 24, 5, 'Michael Aguirre', 23, '2024-09-24 16:26:00'),
(39, 24, 5, 'Michael Aguirre', 24, '2024-09-24 16:27:00'),
(40, 24, 6, 'Michael Aguirre', 24, '2024-09-24 16:27:00'),
(41, 24, 10, 'Michael Aguirre', 25, '2024-09-24 18:12:00'),
(42, 27, 2, 'Michael Aguirre', 26, '2024-09-24 18:57:00'),
(43, 27, 2, 'Michael Aguirre', 27, '2024-09-24 19:06:00'),
(44, 28, 6, 'Michael Aguirre', NULL, '2024-09-24 19:10:00'),
(45, 28, 5, 'Michael Aguirre', 28, '2024-09-24 19:13:00'),
(46, 27, 8, 'Michael Aguirre', 29, '2024-09-25 12:15:00'),
(47, 27, 10, 'Michael Aguirre', 29, '2024-09-25 12:15:00'),
(48, 27, 6, 'Michael Aguirre', 30, '2024-09-25 12:16:00'),
(49, 29, 1, 'Michael Aguirre', NULL, '2024-09-25 12:17:00');

-- --------------------------------------------------------

--
-- Estructura de tabla para la tabla `personas`
--

CREATE TABLE `personas` (
  `id` int(10) UNSIGNED NOT NULL,
  `nombre` varchar(45) NOT NULL,
  `direccion` varchar(45) DEFAULT NULL,
  `telefono` int(11) DEFAULT NULL,
  `mail` varchar(45) DEFAULT NULL,
  `run` varchar(45) DEFAULT NULL,
  `estado` int(10) DEFAULT NULL,
  `users_id` int(10) UNSIGNED NOT NULL,
  `created_at` timestamp NULL DEFAULT NULL,
  `updated_at` timestamp NULL DEFAULT NULL
) ENGINE=InnoDB DEFAULT CHARSET=utf8mb4 COLLATE=utf8mb4_unicode_ci;

-- --------------------------------------------------------

--
-- Estructura de tabla para la tabla `preguntas`
--

CREATE TABLE `preguntas` (
  `id` int(11) NOT NULL,
  `descripcion` varchar(100) NOT NULL,
  `estado` int(250) NOT NULL DEFAULT 1,
  `created_at` timestamp NULL DEFAULT current_timestamp(),
  `updated_at` timestamp NULL DEFAULT current_timestamp() ON UPDATE current_timestamp()
) ENGINE=InnoDB DEFAULT CHARSET=utf8mb4 COLLATE=utf8mb4_general_ci;

--
-- Volcado de datos para la tabla `preguntas`
--

INSERT INTO `preguntas` (`id`, `descripcion`, `estado`, `created_at`, `updated_at`) VALUES
(1, 'Equipo presenta abollones, golpes, caídas y eventos que dañen el cuerpo del equipo?', 1, NULL, '2024-10-16 18:02:06'),
(2, '¿Equipo presenta imagen?', 0, NULL, '2024-10-16 15:45:05'),
(3, 'Presenta en la pantalla ¿Golpes, roturas, trizaduras?', 0, NULL, '2024-10-16 15:47:06'),
(4, '¿Funciona botón de volumen y silencio?', 0, NULL, '2024-10-16 15:52:17'),
(5, '¿Falta algún perno de seguridad?', 0, NULL, '2024-10-16 15:51:19'),
(6, '¿Funciona el FLASH y VIBRADOR?', 0, NULL, '2024-10-16 15:52:14'),
(7, '¿Funciona el puerto de carga y jack de audio?', 0, NULL, '2024-10-16 15:52:08'),
(8, '¿Funciona Auricular y Bocina de Altavoces?', 0, NULL, '2024-10-16 17:34:31'),
(9, '¿Equipo ha sido manipulado anteriormente?', 0, NULL, '2024-10-16 17:41:54'),
(10, '¿Funciona sensor de proximidad?', 0, NULL, '2024-10-16 17:43:26'),
(11, '¿Contacto con alguna especia de líquido, de forma directa o indirecta?', 0, NULL, '2024-10-16 17:44:54'),
(12, '¿Funciona cámara frontal y trasera?', 0, NULL, '2024-10-16 17:57:13'),
(13, '¿Usa cargador original?', 1, NULL, '2024-10-16 15:18:50'),
(14, '¿Funciona Face ID?', 1, NULL, '2024-10-16 15:18:50'),
(15, '¿Funciona botón HOME, TOUCH ID?', 1, NULL, '2024-10-16 15:18:50'),
(16, '¿Funciona WI-FI?', 1, NULL, '2024-10-16 15:18:50'),
(17, '¿Funciona botón POWER?', 1, NULL, '2024-10-16 15:18:50'),
(18, '¿Funciona el táctil en su totalidad?', 1, NULL, '2024-10-16 15:18:50'),
(20, '¿El Trackpad está en buenas condiciones?', 1, NULL, '2024-10-16 15:18:50'),
(21, '¿Tiene disco SSD o HDD?', 1, NULL, '2024-10-16 15:13:04'),
(22, '¿Cuantos ciclos tiene la bateria?', 1, NULL, '2024-10-16 15:13:04'),
(23, '¿Estas en Mac Os Mojave o superior?', 1, NULL, '2024-10-16 15:13:04'),
(24, '¿El disco esta encriptado con File Vault/EFI?', 1, NULL, '2024-10-16 15:13:04'),
(25, '¿Se autoriza el borrado de datos?', 1, NULL, '2024-10-16 15:13:04'),
(26, '¿Funciona la camara?', 1, NULL, '2024-10-16 15:13:04'),
(27, '¿Funciona puerto de carga?', 1, NULL, '2024-10-16 15:13:04'),
(30, 'Está en Mac Os Catalina o superior', 1, '2020-09-16 00:10:13', '2024-10-16 15:13:04'),
(31, 'En caso de que se deba borrar la información, se puede continuar', 1, '2020-09-16 00:10:28', '2024-10-16 15:13:04'),
(32, 'Funciona el teclado', 1, '2020-09-16 00:23:03', '2024-10-16 15:13:04'),
(33, 'PORCENTAJE DE BATERÍA', 1, '2020-10-01 18:54:30', '2024-10-16 15:13:04'),
(36, 'Cuanto es 1+1?', 1, '2024-10-10 19:07:41', '2024-10-16 15:13:04'),
(37, 'Cuanto es 1-1?', 1, '2024-10-10 19:09:28', '2024-10-16 15:13:04'),
(38, 'Que es la vida?', 1, '2024-10-10 19:16:55', '2024-10-16 15:13:04'),
(39, '1 por 2 es igual a 2?', 1, '2024-10-14 17:55:40', '2024-10-16 15:13:04'),
(40, '3 mas 3 igual 6?', 1, '2024-10-14 19:28:58', '2024-10-16 15:13:04'),
(41, 'Nueva pregunta', 1, '2024-10-14 19:42:13', '2024-10-16 15:13:04'),
(42, 'hoa mundo?', 1, '2024-10-14 19:48:00', '2024-10-16 15:13:04'),
(43, 'Estado??', 1, '2024-10-15 16:30:30', '2024-10-16 15:13:04'),
(44, 'hola mundo 3', 0, '2024-10-17 14:48:33', '2024-10-17 14:48:33'),
(45, 'Estoy en todos los estados?', 1, '2024-10-17 15:00:59', '2024-10-17 15:00:59');

-- --------------------------------------------------------

--
-- Estructura de tabla para la tabla `respuestas`
--

CREATE TABLE `respuestas` (
  `id` int(11) NOT NULL,
  `pregunta_id` int(11) DEFAULT NULL,
  `respuesta` varchar(45) DEFAULT NULL,
  `orden_id` int(11) DEFAULT NULL,
  `check_resp` tinyint(1) DEFAULT NULL,
  `created_at` timestamp NULL DEFAULT current_timestamp(),
  `updated_at` timestamp NULL DEFAULT current_timestamp() ON UPDATE current_timestamp()
) ENGINE=InnoDB DEFAULT CHARSET=utf8 COLLATE=utf8_general_ci;

--
-- Volcado de datos para la tabla `respuestas`
--

INSERT INTO `respuestas` (`id`, `pregunta_id`, `respuesta`, `orden_id`, `check_resp`, `created_at`, `updated_at`) VALUES
(1, 1, NULL, 1, 0, '2024-05-13 20:50:02', '2024-05-13 20:50:02'),
(2, 2, NULL, 1, 1, '2024-05-13 20:50:02', '2024-05-13 20:50:02'),
(3, 3, NULL, 1, 0, '2024-05-13 20:50:02', '2024-05-13 20:50:02'),
(4, 20, NULL, 1, 1, '2024-05-13 20:50:02', '2024-05-13 20:50:02'),
(5, 22, '80%', 1, 1, '2024-05-13 20:50:02', '2024-05-13 20:50:02'),
(6, 24, NULL, 1, 1, '2024-05-13 20:50:02', '2024-05-13 20:50:02'),
(7, 31, 'No', 1, 0, '2024-05-13 20:50:02', '2024-05-13 20:50:02'),
(8, 30, NULL, 1, 1, '2024-05-13 20:50:02', '2024-05-13 20:50:02'),
(9, 5, NULL, 1, 1, '2024-05-13 20:50:02', '2024-05-13 20:50:02'),
(10, 21, NULL, 1, 1, '2024-05-13 20:50:02', '2024-05-13 20:50:02'),
(11, 7, NULL, 1, 1, '2024-05-13 20:50:02', '2024-05-13 20:50:02'),
(12, 8, NULL, 1, 1, '2024-05-13 20:50:02', '2024-05-13 20:50:02'),
(13, 32, NULL, 1, 1, '2024-05-13 20:50:02', '2024-05-13 20:50:02'),
(14, 9, NULL, 1, 1, '2024-05-13 20:50:02', '2024-05-13 20:50:02'),
(15, 1, NULL, 2, 0, '2024-05-13 21:54:18', '2024-05-13 21:54:18'),
(16, 3, NULL, 2, 1, '2024-05-13 21:54:18', '2024-05-13 21:54:18'),
(17, 4, NULL, 2, 1, '2024-05-13 21:54:18', '2024-05-13 21:54:18'),
(18, 5, NULL, 2, 1, '2024-05-13 21:54:18', '2024-05-13 21:54:18'),
(19, 7, NULL, 2, 1, '2024-05-13 21:54:18', '2024-05-13 21:54:18'),
(20, 9, NULL, 2, 1, '2024-05-13 21:54:18', '2024-05-13 21:54:18'),
(21, 11, NULL, 2, 1, '2024-05-13 21:54:18', '2024-05-13 21:54:18'),
(22, 13, NULL, 2, 1, '2024-05-13 21:54:18', '2024-05-13 21:54:18'),
(23, 3, NULL, 3, 1, '2024-05-20 06:54:05', '2024-05-20 06:54:05'),
(24, 5, NULL, 3, 1, '2024-05-20 06:54:05', '2024-05-20 06:54:05'),
(25, 7, NULL, 3, 1, '2024-05-20 06:54:05', '2024-05-20 06:54:05'),
(26, 9, NULL, 3, 1, '2024-05-20 06:54:05', '2024-05-20 06:54:05'),
(27, 11, NULL, 3, 1, '2024-05-20 06:54:05', '2024-05-20 06:54:05'),
(28, 12, NULL, 3, 1, '2024-05-20 06:54:05', '2024-05-20 06:54:05'),
(29, 13, NULL, 3, 1, '2024-05-20 06:54:05', '2024-05-20 06:54:05'),
(30, 15, NULL, 3, 0, '2024-05-20 06:54:05', '2024-05-20 06:54:05'),
(31, 17, NULL, 3, 1, '2024-05-20 06:54:05', '2024-05-20 06:54:05'),
(32, 16, NULL, 3, 0, '2024-05-20 06:54:05', '2024-05-20 06:54:05'),
(33, 18, NULL, 3, 1, '2024-05-20 06:54:05', '2024-05-20 06:54:05'),
(34, 8, NULL, 3, 0, '2024-05-20 06:54:05', '2024-05-20 06:54:05'),
(35, 4, NULL, 3, 1, '2024-05-20 06:54:05', '2024-05-20 06:54:05'),
(36, 14, NULL, 3, 1, '2024-05-20 06:54:05', '2024-05-20 06:54:05'),
(37, 10, NULL, 3, 1, '2024-05-20 06:54:05', '2024-05-20 06:54:05'),
(38, 1, NULL, 3, 1, '2024-05-20 06:54:05', '2024-05-20 06:54:05'),
(39, 2, NULL, 3, 1, '2024-05-20 06:54:05', '2024-05-20 06:54:05'),
(40, 6, NULL, 3, 1, '2024-05-20 06:54:05', '2024-05-20 06:54:05'),
(41, 33, NULL, 3, 1, '2024-05-20 06:54:05', '2024-05-20 06:54:05'),
(42, 1, NULL, 4, 1, '2024-05-20 16:57:01', '2024-05-20 16:57:01'),
(43, 3, ' rayones en la pantalla', 4, 1, '2024-05-20 16:57:01', '2024-05-20 16:57:01'),
(44, 4, NULL, 4, 1, '2024-05-20 16:57:01', '2024-05-20 16:57:01'),
(45, 5, NULL, 4, 0, '2024-05-20 16:57:01', '2024-05-20 16:57:01'),
(46, 7, NULL, 4, 1, '2024-05-20 16:57:01', '2024-05-20 16:57:01'),
(47, 9, NULL, 4, 0, '2024-05-20 16:57:01', '2024-05-20 16:57:01'),
(48, 11, NULL, 4, 0, '2024-05-20 16:57:01', '2024-05-20 16:57:01'),
(49, 13, NULL, 4, 0, '2024-05-20 16:57:01', '2024-05-20 16:57:01'),
(50, 1, NULL, 5, 1, '2024-08-14 22:58:24', '2024-08-14 22:58:24'),
(51, 2, NULL, 5, 1, '2024-08-14 22:58:24', '2024-08-14 22:58:24'),
(52, 3, NULL, 5, 1, '2024-08-14 22:58:24', '2024-08-14 22:58:24'),
(53, 4, NULL, 5, 1, '2024-08-14 22:58:24', '2024-08-14 22:58:24'),
(54, 5, NULL, 5, 1, '2024-08-14 22:58:24', '2024-08-14 22:58:24'),
(55, 6, NULL, 5, 1, '2024-08-14 22:58:24', '2024-08-14 22:58:24'),
(56, 7, NULL, 5, 1, '2024-08-14 22:58:24', '2024-08-14 22:58:24'),
(57, 8, NULL, 5, 1, '2024-08-14 22:58:24', '2024-08-14 22:58:24'),
(58, 9, NULL, 5, 1, '2024-08-14 22:58:24', '2024-08-14 22:58:24'),
(59, 10, NULL, 5, 1, '2024-08-14 22:58:24', '2024-08-14 22:58:24'),
(60, 11, NULL, 5, 1, '2024-08-14 22:58:24', '2024-08-14 22:58:24'),
(61, 12, NULL, 5, 1, '2024-08-14 22:58:24', '2024-08-14 22:58:24'),
(62, 13, NULL, 5, 1, '2024-08-14 22:58:24', '2024-08-14 22:58:24'),
(63, 14, NULL, 5, 1, '2024-08-14 22:58:24', '2024-08-14 22:58:24'),
(64, 15, NULL, 5, 1, '2024-08-14 22:58:24', '2024-08-14 22:58:24'),
(65, 16, NULL, 5, 1, '2024-08-14 22:58:24', '2024-08-14 22:58:24'),
(66, 17, NULL, 5, 1, '2024-08-14 22:58:24', '2024-08-14 22:58:24'),
(67, 18, NULL, 5, 1, '2024-08-14 22:58:24', '2024-08-14 22:58:24'),
(68, 33, NULL, 5, 1, '2024-08-14 22:58:24', '2024-08-14 22:58:24'),
(69, 1, NULL, 6, 1, '2024-08-14 23:25:18', '2024-08-14 23:25:18'),
(70, 3, NULL, 6, 1, '2024-08-14 23:25:18', '2024-08-14 23:25:18'),
(71, 5, NULL, 6, 1, '2024-08-14 23:25:18', '2024-08-14 23:25:18'),
(72, 7, NULL, 6, 1, '2024-08-14 23:25:18', '2024-08-14 23:25:18'),
(73, 8, NULL, 6, 1, '2024-08-14 23:25:18', '2024-08-14 23:25:18'),
(74, 9, NULL, 6, 1, '2024-08-14 23:25:18', '2024-08-14 23:25:18'),
(75, 10, NULL, 6, 1, '2024-08-14 23:25:18', '2024-08-14 23:25:18'),
(76, 11, NULL, 6, 1, '2024-08-14 23:25:18', '2024-08-14 23:25:18'),
(77, 12, NULL, 6, 1, '2024-08-14 23:25:18', '2024-08-14 23:25:18'),
(78, 13, NULL, 6, 1, '2024-08-14 23:25:18', '2024-08-14 23:25:18'),
(79, 14, NULL, 6, 1, '2024-08-14 23:25:18', '2024-08-14 23:25:18'),
(80, 15, NULL, 6, 1, '2024-08-14 23:25:18', '2024-08-14 23:25:18'),
(81, 16, NULL, 6, 1, '2024-08-14 23:25:18', '2024-08-14 23:25:18'),
(82, 17, NULL, 6, 1, '2024-08-14 23:25:18', '2024-08-14 23:25:18'),
(83, 18, NULL, 6, 1, '2024-08-14 23:25:18', '2024-08-14 23:25:18'),
(84, 1, NULL, 7, 1, '2024-08-14 23:36:41', '2024-08-14 23:36:41'),
(85, 2, NULL, 7, 1, '2024-08-14 23:36:41', '2024-08-14 23:36:41'),
(86, 3, NULL, 7, 1, '2024-08-14 23:36:41', '2024-08-14 23:36:41'),
(87, 5, NULL, 7, 1, '2024-08-14 23:36:41', '2024-08-14 23:36:41'),
(88, 9, NULL, 7, 1, '2024-08-14 23:36:41', '2024-08-14 23:36:41'),
(89, 1, NULL, 9, 1, '2024-08-14 23:45:57', '2024-08-14 23:45:57'),
(90, 2, NULL, 9, 1, '2024-08-14 23:45:57', '2024-08-14 23:45:57'),
(91, 3, NULL, 9, 1, '2024-08-14 23:45:57', '2024-08-14 23:45:57'),
(92, 4, NULL, 9, 1, '2024-08-14 23:45:57', '2024-08-14 23:45:57'),
(93, 5, NULL, 9, 1, '2024-08-14 23:45:57', '2024-08-14 23:45:57'),
(94, 6, NULL, 9, 1, '2024-08-14 23:45:57', '2024-08-14 23:45:57'),
(95, 7, NULL, 9, 1, '2024-08-14 23:45:57', '2024-08-14 23:45:57'),
(96, 8, NULL, 9, 1, '2024-08-14 23:45:57', '2024-08-14 23:45:57'),
(97, 9, NULL, 9, 1, '2024-08-14 23:45:57', '2024-08-14 23:45:57'),
(98, 10, NULL, 9, 1, '2024-08-14 23:45:57', '2024-08-14 23:45:57'),
(99, 11, NULL, 9, 1, '2024-08-14 23:45:57', '2024-08-14 23:45:57'),
(100, 12, NULL, 9, 1, '2024-08-14 23:45:57', '2024-08-14 23:45:57'),
(101, 18, NULL, 9, 1, '2024-08-14 23:45:57', '2024-08-14 23:45:57'),
(102, 1, NULL, 12, 1, '2024-08-16 16:09:56', '2024-08-16 16:09:56'),
(103, 9, NULL, 12, 1, '2024-08-16 16:09:56', '2024-08-16 16:09:56'),
(104, 1, 'Pantalla trizadas completamente', 13, 1, '2024-08-19 20:48:09', '2024-08-19 20:48:09'),
(105, 9, NULL, 13, 0, '2024-08-19 20:48:09', '2024-08-19 20:48:09'),
(106, 1, NULL, 14, 1, '2024-09-05 03:02:38', '2024-09-05 03:02:38'),
(107, 2, NULL, 14, 1, '2024-09-05 03:02:38', '2024-09-05 03:02:38'),
(108, 3, NULL, 14, 1, '2024-09-05 03:02:38', '2024-09-05 03:02:38'),
(109, 4, NULL, 14, 1, '2024-09-05 03:02:38', '2024-09-05 03:02:38'),
(110, 5, NULL, 14, 1, '2024-09-05 03:02:38', '2024-09-05 03:02:38'),
(111, 6, NULL, 14, 1, '2024-09-05 03:02:38', '2024-09-05 03:02:38'),
(112, 7, NULL, 14, 1, '2024-09-05 03:02:38', '2024-09-05 03:02:38'),
(113, 8, NULL, 14, 1, '2024-09-05 03:02:38', '2024-09-05 03:02:38'),
(114, 9, NULL, 14, 1, '2024-09-05 03:02:38', '2024-09-05 03:02:38'),
(115, 10, NULL, 14, 1, '2024-09-05 03:02:38', '2024-09-05 03:02:38'),
(116, 11, NULL, 14, 1, '2024-09-05 03:02:38', '2024-09-05 03:02:38'),
(117, 12, NULL, 14, 1, '2024-09-05 03:02:38', '2024-09-05 03:02:38'),
(118, 13, NULL, 14, 0, '2024-09-05 03:02:38', '2024-09-05 03:02:38'),
(119, 15, NULL, 14, 1, '2024-09-05 03:02:38', '2024-09-05 03:02:38'),
(120, 16, NULL, 14, 0, '2024-09-05 03:02:38', '2024-09-05 03:02:38'),
(121, 17, NULL, 14, 1, '2024-09-05 03:02:38', '2024-09-05 03:02:38'),
(122, 18, NULL, 14, 0, '2024-09-05 03:02:38', '2024-09-05 03:02:38'),
(123, 1, NULL, 15, 1, '2024-09-05 15:21:50', '2024-09-05 15:21:50'),
(124, 2, NULL, 15, 1, '2024-09-05 15:21:50', '2024-09-05 15:21:50'),
(125, 3, NULL, 15, 1, '2024-09-05 15:21:50', '2024-09-05 15:21:50'),
(126, 4, NULL, 15, 1, '2024-09-05 15:21:50', '2024-09-05 15:21:50'),
(127, 5, NULL, 15, 1, '2024-09-05 15:21:50', '2024-09-05 15:21:50'),
(128, 6, NULL, 15, 1, '2024-09-05 15:21:50', '2024-09-05 15:21:50'),
(129, 7, NULL, 15, 1, '2024-09-05 15:21:50', '2024-09-05 15:21:50'),
(130, 8, NULL, 15, 1, '2024-09-05 15:21:50', '2024-09-05 15:21:50'),
(131, 9, NULL, 15, 1, '2024-09-05 15:21:50', '2024-09-05 15:21:50'),
(132, 10, NULL, 15, 1, '2024-09-05 15:21:50', '2024-09-05 15:21:50'),
(133, 11, NULL, 15, 1, '2024-09-05 15:21:50', '2024-09-05 15:21:50'),
(134, 12, NULL, 15, 1, '2024-09-05 15:21:50', '2024-09-05 15:21:50'),
(135, 13, NULL, 15, 1, '2024-09-05 15:21:50', '2024-09-05 15:21:50'),
(136, 14, NULL, 15, 1, '2024-09-05 15:21:50', '2024-09-05 15:21:50'),
(137, 15, NULL, 15, 1, '2024-09-05 15:21:50', '2024-09-05 15:21:50'),
(138, 16, NULL, 15, 1, '2024-09-05 15:21:50', '2024-09-05 15:21:50'),
(139, 17, NULL, 15, 1, '2024-09-05 15:21:50', '2024-09-05 15:21:50'),
(140, 18, NULL, 15, 1, '2024-09-05 15:21:50', '2024-09-05 15:21:50'),
(141, 33, NULL, 15, 1, '2024-09-05 15:21:50', '2024-09-05 15:21:50'),
(142, 1, NULL, 16, 1, '2024-09-06 13:53:48', '2024-09-06 13:53:48'),
(143, 2, NULL, 16, 1, '2024-09-06 13:53:48', '2024-09-06 13:53:48'),
(144, 3, NULL, 16, 1, '2024-09-06 13:53:48', '2024-09-06 13:53:48'),
(145, 4, NULL, 16, 1, '2024-09-06 13:53:48', '2024-09-06 13:53:48'),
(146, 5, NULL, 16, 1, '2024-09-06 13:53:48', '2024-09-06 13:53:48'),
(147, 6, NULL, 16, 1, '2024-09-06 13:53:48', '2024-09-06 13:53:48'),
(148, 7, NULL, 16, 1, '2024-09-06 13:53:48', '2024-09-06 13:53:48'),
(149, 8, NULL, 16, 1, '2024-09-06 13:53:48', '2024-09-06 13:53:48'),
(150, 9, NULL, 16, 1, '2024-09-06 13:53:48', '2024-09-06 13:53:48'),
(151, 10, NULL, 16, 1, '2024-09-06 13:53:48', '2024-09-06 13:53:48'),
(152, 11, NULL, 16, 1, '2024-09-06 13:53:48', '2024-09-06 13:53:48'),
(153, 12, NULL, 16, 1, '2024-09-06 13:53:48', '2024-09-06 13:53:48'),
(154, 13, NULL, 16, 1, '2024-09-06 13:53:48', '2024-09-06 13:53:48'),
(155, 14, NULL, 16, 1, '2024-09-06 13:53:48', '2024-09-06 13:53:48'),
(156, 15, NULL, 16, 1, '2024-09-06 13:53:48', '2024-09-06 13:53:48'),
(157, 16, NULL, 16, 1, '2024-09-06 13:53:48', '2024-09-06 13:53:48'),
(158, 17, NULL, 16, 1, '2024-09-06 13:53:48', '2024-09-06 13:53:48'),
(159, 18, NULL, 16, 1, '2024-09-06 13:53:48', '2024-09-06 13:53:48'),
(160, 33, NULL, 16, 1, '2024-09-06 13:53:48', '2024-09-06 13:53:48'),
(161, 1, NULL, 18, 1, '2024-09-13 14:29:18', '2024-09-13 14:29:18'),
(162, 2, NULL, 18, 1, '2024-09-13 14:29:18', '2024-09-13 14:29:18'),
(163, 3, NULL, 18, 1, '2024-09-13 14:29:18', '2024-09-13 14:29:18'),
(164, 5, NULL, 18, 1, '2024-09-13 14:29:18', '2024-09-13 14:29:18'),
(165, 6, NULL, 18, 1, '2024-09-13 14:29:18', '2024-09-13 14:29:18'),
(166, 9, NULL, 18, 1, '2024-09-13 14:29:18', '2024-09-13 14:29:18'),
(167, 1, NULL, 19, 1, '2024-09-23 16:51:21', '2024-09-23 16:51:21'),
(168, 2, NULL, 19, 1, '2024-09-23 16:51:21', '2024-09-23 16:51:21'),
(169, 3, NULL, 19, 1, '2024-09-23 16:51:21', '2024-09-23 16:51:21'),
(170, 5, NULL, 19, 1, '2024-09-23 16:51:21', '2024-09-23 16:51:21'),
(171, 7, NULL, 19, 1, '2024-09-23 16:51:21', '2024-09-23 16:51:21'),
(172, 8, NULL, 19, 1, '2024-09-23 16:51:21', '2024-09-23 16:51:21'),
(173, 9, NULL, 19, 1, '2024-09-23 16:51:21', '2024-09-23 16:51:21'),
(174, 20, NULL, 19, 1, '2024-09-23 16:51:21', '2024-09-23 16:51:21'),
(175, 21, NULL, 19, 1, '2024-09-23 16:51:21', '2024-09-23 16:51:21'),
(176, 22, NULL, 19, 1, '2024-09-23 16:51:21', '2024-09-23 16:51:21'),
(177, 24, NULL, 19, 1, '2024-09-23 16:51:21', '2024-09-23 16:51:21'),
(178, 30, NULL, 19, 1, '2024-09-23 16:51:21', '2024-09-23 16:51:21'),
(179, 31, NULL, 19, 1, '2024-09-23 16:51:21', '2024-09-23 16:51:21'),
(180, 32, NULL, 19, 1, '2024-09-23 16:51:21', '2024-09-23 16:51:21'),
(181, 1, NULL, 20, 1, '2024-09-23 17:21:40', '2024-09-23 17:21:40'),
(182, 3, NULL, 20, 1, '2024-09-23 17:21:40', '2024-09-23 17:21:40'),
(183, 5, NULL, 20, 1, '2024-09-23 17:21:40', '2024-09-23 17:21:40'),
(184, 7, NULL, 20, 1, '2024-09-23 17:21:40', '2024-09-23 17:21:40'),
(185, 8, NULL, 20, 1, '2024-09-23 17:21:40', '2024-09-23 17:21:40'),
(186, 9, NULL, 20, 1, '2024-09-23 17:21:40', '2024-09-23 17:21:40'),
(187, 10, NULL, 20, 1, '2024-09-23 17:21:40', '2024-09-23 17:21:40'),
(188, 11, NULL, 20, 1, '2024-09-23 17:21:40', '2024-09-23 17:21:40'),
(189, 12, NULL, 20, 1, '2024-09-23 17:21:40', '2024-09-23 17:21:40'),
(190, 13, NULL, 20, 1, '2024-09-23 17:21:40', '2024-09-23 17:21:40'),
(191, 14, NULL, 20, 1, '2024-09-23 17:21:40', '2024-09-23 17:21:40'),
(192, 15, NULL, 20, 1, '2024-09-23 17:21:40', '2024-09-23 17:21:40'),
(193, 16, NULL, 20, 1, '2024-09-23 17:21:40', '2024-09-23 17:21:40'),
(194, 17, NULL, 20, 1, '2024-09-23 17:21:40', '2024-09-23 17:21:40'),
(195, 18, NULL, 20, 1, '2024-09-23 17:21:40', '2024-09-23 17:21:40'),
(196, 1, '', 21, 1, '2024-09-23 20:50:02', '2024-09-23 20:50:02'),
(197, 2, '', 21, 1, '2024-09-23 20:50:02', '2024-09-23 20:50:02'),
(198, 3, '', 21, 1, '2024-09-23 20:50:02', '2024-09-23 20:50:02'),
(199, 5, '', 21, 1, '2024-09-23 20:50:02', '2024-09-23 20:50:02'),
(200, 7, '', 21, 1, '2024-09-23 20:50:02', '2024-09-23 20:50:02'),
(201, 8, '', 21, 1, '2024-09-23 20:50:02', '2024-09-23 20:50:02'),
(202, 9, '', 21, 1, '2024-09-23 20:50:02', '2024-09-23 20:50:02'),
(203, 20, '', 21, 1, '2024-09-23 20:50:02', '2024-09-23 20:50:02'),
(204, 21, '', 21, 1, '2024-09-23 20:50:02', '2024-09-23 20:50:02'),
(205, 22, '', 21, 1, '2024-09-23 20:50:02', '2024-09-23 20:50:02'),
(206, 24, '', 21, 1, '2024-09-23 20:50:02', '2024-09-23 20:50:02'),
(207, 30, '', 21, 1, '2024-09-23 20:50:02', '2024-09-23 20:50:02'),
(208, 31, '', 21, 1, '2024-09-23 20:50:02', '2024-09-23 20:50:02'),
(209, 32, '', 21, 1, '2024-09-23 20:50:02', '2024-09-23 20:50:02'),
(210, 1, NULL, 22, 1, '2024-09-23 21:41:16', '2024-09-23 21:41:16'),
(211, 2, NULL, 22, 1, '2024-09-23 21:41:16', '2024-09-23 21:41:16'),
(212, 3, NULL, 22, 1, '2024-09-23 21:41:16', '2024-09-23 21:41:16'),
(213, 5, NULL, 22, 1, '2024-09-23 21:41:16', '2024-09-23 21:41:16'),
(214, 7, NULL, 22, 1, '2024-09-23 21:41:16', '2024-09-23 21:41:16'),
(215, 8, NULL, 22, 1, '2024-09-23 21:41:16', '2024-09-23 21:41:16'),
(216, 9, NULL, 22, 1, '2024-09-23 21:41:16', '2024-09-23 21:41:16'),
(217, 20, NULL, 22, 1, '2024-09-23 21:41:16', '2024-09-23 21:41:16'),
(218, 21, NULL, 22, 1, '2024-09-23 21:41:16', '2024-09-23 21:41:16'),
(219, 22, NULL, 22, 1, '2024-09-23 21:41:16', '2024-09-23 21:41:16'),
(220, 24, NULL, 22, 1, '2024-09-23 21:41:16', '2024-09-23 21:41:16'),
(221, 30, NULL, 22, 1, '2024-09-23 21:41:16', '2024-09-23 21:41:16'),
(222, 31, NULL, 22, 1, '2024-09-23 21:41:16', '2024-09-23 21:41:16'),
(223, 32, NULL, 22, 1, '2024-09-23 21:41:16', '2024-09-23 21:41:16'),
(224, 1, NULL, 23, 1, '2024-09-23 21:46:38', '2024-09-23 21:46:38'),
(225, 2, NULL, 23, 1, '2024-09-23 21:46:38', '2024-09-23 21:46:38'),
(226, 3, NULL, 23, 1, '2024-09-23 21:46:38', '2024-09-23 21:46:38'),
(227, 5, NULL, 23, 1, '2024-09-23 21:46:38', '2024-09-23 21:46:38'),
(228, 7, NULL, 23, 1, '2024-09-23 21:46:38', '2024-09-23 21:46:38'),
(229, 8, NULL, 23, 1, '2024-09-23 21:46:38', '2024-09-23 21:46:38'),
(230, 9, NULL, 23, 1, '2024-09-23 21:46:38', '2024-09-23 21:46:38'),
(231, 20, NULL, 23, 1, '2024-09-23 21:46:38', '2024-09-23 21:46:38'),
(232, 21, NULL, 23, 1, '2024-09-23 21:46:38', '2024-09-23 21:46:38'),
(233, 22, NULL, 23, 1, '2024-09-23 21:46:38', '2024-09-23 21:46:38'),
(234, 24, NULL, 23, 1, '2024-09-23 21:46:38', '2024-09-23 21:46:38'),
(235, 30, NULL, 23, 1, '2024-09-23 21:46:38', '2024-09-23 21:46:38'),
(236, 31, NULL, 23, 1, '2024-09-23 21:46:38', '2024-09-23 21:46:38'),
(237, 32, NULL, 23, 1, '2024-09-23 21:46:38', '2024-09-23 21:46:38'),
(238, 1, NULL, 24, 1, '2024-09-23 21:50:12', '2024-09-23 21:50:12'),
(239, 3, NULL, 24, 1, '2024-09-23 21:50:12', '2024-09-23 21:50:12'),
(240, 4, NULL, 24, 1, '2024-09-23 21:50:12', '2024-09-23 21:50:12'),
(241, 5, NULL, 24, 1, '2024-09-23 21:50:12', '2024-09-23 21:50:12'),
(242, 7, NULL, 24, 1, '2024-09-23 21:50:12', '2024-09-23 21:50:12'),
(243, 9, NULL, 24, 1, '2024-09-23 21:50:12', '2024-09-23 21:50:12'),
(244, 11, NULL, 24, 1, '2024-09-23 21:50:12', '2024-09-23 21:50:12'),
(245, 13, NULL, 24, 1, '2024-09-23 21:50:12', '2024-09-23 21:50:12'),
(246, 1, NULL, 25, 1, '2024-09-23 21:54:39', '2024-09-23 21:54:39'),
(247, 9, NULL, 25, 1, '2024-09-23 21:54:39', '2024-09-23 21:54:39'),
(248, 1, NULL, 26, 1, '2024-09-23 21:55:39', '2024-09-23 21:55:39'),
(249, 9, NULL, 26, 1, '2024-09-23 21:55:39', '2024-09-23 21:55:39'),
(250, 1, NULL, 29, 1, '2024-09-25 12:17:05', '2024-09-25 12:17:05'),
(251, 2, NULL, 29, 1, '2024-09-25 12:17:05', '2024-09-25 12:17:05'),
(252, 3, NULL, 29, 1, '2024-09-25 12:17:05', '2024-09-25 12:17:05'),
(253, 5, NULL, 29, 1, '2024-09-25 12:17:05', '2024-09-25 12:17:05'),
(254, 7, NULL, 29, 1, '2024-09-25 12:17:05', '2024-09-25 12:17:05'),
(255, 8, NULL, 29, 1, '2024-09-25 12:17:05', '2024-09-25 12:17:05'),
(256, 9, NULL, 29, 1, '2024-09-25 12:17:05', '2024-09-25 12:17:05'),
(257, 20, NULL, 29, 1, '2024-09-25 12:17:05', '2024-09-25 12:17:05'),
(258, 21, NULL, 29, 1, '2024-09-25 12:17:05', '2024-09-25 12:17:05'),
(259, 22, NULL, 29, 1, '2024-09-25 12:17:05', '2024-09-25 12:17:05'),
(260, 24, NULL, 29, 1, '2024-09-25 12:17:05', '2024-09-25 12:17:05'),
(261, 30, NULL, 29, 1, '2024-09-25 12:17:05', '2024-09-25 12:17:05'),
(262, 31, NULL, 29, 1, '2024-09-25 12:17:05', '2024-09-25 12:17:05'),
(263, 32, NULL, 29, 1, '2024-09-25 12:17:05', '2024-09-25 12:17:05'),
(264, 1, NULL, 30, 1, '2024-10-10 18:25:43', '2024-10-10 18:25:43'),
(265, 2, NULL, 30, 1, '2024-10-10 18:25:43', '2024-10-10 18:25:43'),
(266, 3, NULL, 30, 0, '2024-10-10 18:25:43', '2024-10-10 18:25:43'),
(267, 5, NULL, 30, 1, '2024-10-10 18:25:43', '2024-10-10 18:25:43'),
(268, 7, NULL, 30, 1, '2024-10-10 18:25:43', '2024-10-10 18:25:43'),
(269, 8, NULL, 30, 1, '2024-10-10 18:25:43', '2024-10-10 18:25:43'),
(270, 9, NULL, 30, 1, '2024-10-10 18:25:43', '2024-10-10 18:25:43'),
(271, 20, NULL, 30, 1, '2024-10-10 18:25:43', '2024-10-10 18:25:43'),
(272, 21, NULL, 30, 1, '2024-10-10 18:25:43', '2024-10-10 18:25:43'),
(273, 22, NULL, 30, 1, '2024-10-10 18:25:43', '2024-10-10 18:25:43'),
(274, 24, NULL, 30, 1, '2024-10-10 18:25:43', '2024-10-10 18:25:43'),
(275, 30, NULL, 30, 1, '2024-10-10 18:25:43', '2024-10-10 18:25:43'),
(276, 31, NULL, 30, 1, '2024-10-10 18:25:43', '2024-10-10 18:25:43'),
(277, 32, NULL, 30, 1, '2024-10-10 18:25:43', '2024-10-10 18:25:43'),
(278, 1, NULL, 31, 1, '2024-10-10 18:40:09', '2024-10-10 18:40:09'),
(279, 2, NULL, 31, 1, '2024-10-10 18:40:09', '2024-10-10 18:40:09'),
(280, 3, NULL, 31, 1, '2024-10-10 18:40:09', '2024-10-10 18:40:09'),
(281, 5, NULL, 31, 1, '2024-10-10 18:40:09', '2024-10-10 18:40:09'),
(282, 7, NULL, 31, 1, '2024-10-10 18:40:09', '2024-10-10 18:40:09'),
(283, 8, NULL, 31, 1, '2024-10-10 18:40:09', '2024-10-10 18:40:09'),
(284, 9, NULL, 31, 1, '2024-10-10 18:40:09', '2024-10-10 18:40:09'),
(285, 20, NULL, 31, 1, '2024-10-10 18:40:09', '2024-10-10 18:40:09'),
(286, 21, NULL, 31, 1, '2024-10-10 18:40:09', '2024-10-10 18:40:09'),
(287, 22, NULL, 31, 1, '2024-10-10 18:40:09', '2024-10-10 18:40:09'),
(288, 24, NULL, 31, 1, '2024-10-10 18:40:09', '2024-10-10 18:40:09'),
(289, 30, NULL, 31, 1, '2024-10-10 18:40:09', '2024-10-10 18:40:09'),
(290, 31, NULL, 31, 1, '2024-10-10 18:40:09', '2024-10-10 18:40:09'),
(291, 32, NULL, 31, 1, '2024-10-10 18:40:09', '2024-10-10 18:40:09'),
(292, 1, NULL, 32, 1, '2024-10-16 14:43:00', '2024-10-16 14:43:00'),
(293, 2, NULL, 32, 1, '2024-10-16 14:43:00', '2024-10-16 14:43:00'),
(294, 3, NULL, 32, 1, '2024-10-16 14:43:00', '2024-10-16 14:43:00'),
(295, 4, NULL, 32, 1, '2024-10-16 14:43:00', '2024-10-16 14:43:00'),
(296, 5, NULL, 32, 1, '2024-10-16 14:43:00', '2024-10-16 14:43:00'),
(297, 6, NULL, 32, 1, '2024-10-16 14:43:00', '2024-10-16 14:43:00'),
(298, 7, NULL, 32, 1, '2024-10-16 14:43:00', '2024-10-16 14:43:00'),
(299, 8, NULL, 32, 1, '2024-10-16 14:43:00', '2024-10-16 14:43:00'),
(300, 9, NULL, 32, 1, '2024-10-16 14:43:00', '2024-10-16 14:43:00'),
(301, 10, NULL, 32, 1, '2024-10-16 14:43:00', '2024-10-16 14:43:00'),
(302, 11, NULL, 32, 1, '2024-10-16 14:43:00', '2024-10-16 14:43:00'),
(303, 12, NULL, 32, 1, '2024-10-16 14:43:00', '2024-10-16 14:43:00'),
(304, 13, NULL, 32, 1, '2024-10-16 14:43:00', '2024-10-16 14:43:00'),
(305, 14, NULL, 32, 1, '2024-10-16 14:43:00', '2024-10-16 14:43:00'),
(306, 15, NULL, 32, 1, '2024-10-16 14:43:00', '2024-10-16 14:43:00'),
(307, 16, NULL, 32, 1, '2024-10-16 14:43:00', '2024-10-16 14:43:00'),
(308, 17, NULL, 32, 1, '2024-10-16 14:43:00', '2024-10-16 14:43:00'),
(309, 18, NULL, 32, 1, '2024-10-16 14:43:00', '2024-10-16 14:43:00'),
(310, 33, NULL, 32, 1, '2024-10-16 14:43:00', '2024-10-16 14:43:00');

-- --------------------------------------------------------

--
-- Estructura de tabla para la tabla `revisiones`
--

CREATE TABLE `revisiones` (
  `id` int(11) NOT NULL,
  `orden_id` int(10) UNSIGNED NOT NULL,
  `responsable` varchar(45) DEFAULT NULL,
  `id_estado` int(1) DEFAULT NULL,
  `observacion` longtext DEFAULT NULL,
  `garantia_id` int(11) DEFAULT NULL,
  `created_at` timestamp NOT NULL DEFAULT current_timestamp()
) ENGINE=InnoDB DEFAULT CHARSET=utf8 COLLATE=utf8_general_ci;

--
-- Volcado de datos para la tabla `revisiones`
--

INSERT INTO `revisiones` (`id`, `orden_id`, `responsable`, `id_estado`, `observacion`, `garantia_id`, `created_at`) VALUES
(1, 1, 'Michael Aguirre', 2, 'prueba', NULL, '2024-05-14 05:14:00'),
(2, 1, 'Michael Aguirre', 2, 'Se realizo una mantencion general pero esta a la espera del puerto de reemplazo', NULL, '2024-05-14 05:18:00'),
(3, 1, 'Michael Aguirre', 3, 'Se reemplazo el modulo de carga y se realizo un baño químico.', NULL, '2024-05-16 15:27:00'),
(4, 1, 'Michael Aguirre', 3, 'Se realizo una restauración total del sistema', NULL, '2024-05-16 16:01:00'),
(5, 1, 'Michael Aguirre', 3, 'Equipo Listo para retiro', NULL, '2024-05-16 16:07:00'),
(6, 1, 'Michael Aguirre', 3, 'exito', NULL, '2024-05-16 16:09:00'),
(7, 2, 'Michael Aguirre', 2, 'El dispositivo de encuentra con fallas', NULL, '2024-05-16 17:16:00'),
(8, 2, 'Michael Aguirre', 2, 'se detecto falla en el software', NULL, '2024-05-16 18:15:00'),
(13, 2, 'Michael Aguirre', 2, 'se realizo un respaldo de informacion', NULL, '2024-05-16 18:40:00'),
(14, 1, 'Michael Aguirre', 2, 'prueba de garantia', NULL, '2024-05-17 19:58:00'),
(15, 1, 'Michael Aguirre', 4, 'prueba garantia v2', 4, '2024-05-17 20:15:00'),
(16, 2, 'Michael Aguirre', 2, 'Listo para entrega', NULL, '2024-05-17 20:23:00'),
(17, 13, 'Michael Aguirre', 3, 'Cambiar funda', NULL, '2024-08-19 20:49:00'),
(18, 14, 'Michael Aguirre', 1, 'xd', NULL, '2024-09-05 03:08:00'),
(19, 14, 'Michael Aguirre', 4, 'lol', 8, '2024-09-05 03:10:00'),
(20, 18, 'Michael Aguirre', 2, '555', NULL, '2024-09-13 14:31:00'),
(21, 7, 'Michael Aguirre', 3, 'Iure eum quos autem ', NULL, '2024-09-13 14:36:00'),
(22, 17, 'Michael Aguirre', 3, 'hjkjhk', NULL, '2024-09-13 15:02:00'),
(23, 20, 'Michael Aguirre', 1, 'test', NULL, '2024-09-23 17:21:00'),
(24, 20, 'Michael Aguirre', 1, 'hola', NULL, '2024-09-23 17:21:00'),
(25, 20, 'Michael Aguirre', 1, 'uiyhiuhi', NULL, '2024-09-23 17:21:00'),
(26, 20, 'Michael Aguirre', 1, 'hjkkjhk', NULL, '2024-09-23 17:21:00'),
(27, 22, 'Michael Aguirre', 1, 'diagnistocco mante y cambio', NULL, '2024-09-23 21:41:00'),
(28, 22, 'Michael Aguirre', 2, 'sadads', NULL, '2024-09-23 21:41:00'),
(29, 28, 'Michael Aguirre', 3, 'Banio quimico', NULL, '2024-09-24 19:09:00');

-- --------------------------------------------------------

--
-- Estructura de tabla para la tabla `servicios`
--

CREATE TABLE `servicios` (
  `id` int(11) NOT NULL,
  `nombre` varchar(50) NOT NULL,
  `precio` int(45) NOT NULL,
  `estado` int(250) NOT NULL DEFAULT 1,
  `created_at` timestamp NOT NULL DEFAULT current_timestamp(),
  `updated_at` timestamp NOT NULL DEFAULT current_timestamp() ON UPDATE current_timestamp()
) ENGINE=InnoDB DEFAULT CHARSET=utf8 COLLATE=utf8_general_ci;

--
-- Volcado de datos para la tabla `servicios`
--

INSERT INTO `servicios` (`id`, `nombre`, `precio`, `estado`, `created_at`, `updated_at`) VALUES
(1, 'Mantenimiento', 19990, 1, '2024-05-13 21:14:46', '2024-10-16 19:39:14'),
(2, 'Cambio de bateria', 19990, 1, '2024-05-13 21:14:46', '2024-05-13 21:14:46'),
(3, 'Recuperación iCloud', 29990, 1, '2024-05-14 01:06:40', '2024-05-14 01:06:40'),
(4, 'Respaldo de información', 29990, 1, '2024-05-14 01:06:40', '2024-05-14 01:06:40'),
(5, 'Cambio de pantalla', 19990, 1, '2024-05-14 01:13:07', '2024-05-14 01:13:07'),
(6, 'Baño Quimico', 29990, 1, '2024-05-14 01:13:07', '2024-05-14 01:13:07'),
(7, 'Restauración de sistema', 29990, 1, '2024-05-15 16:56:25', '2024-05-15 16:56:25'),
(8, 'Cambio de vibrador', 39990, 1, '2024-05-15 17:02:32', '2024-05-15 17:02:32'),
(9, 'Recuperación de cuenta', 29990, 1, '2024-05-15 17:07:56', '2024-05-15 17:07:56'),
(10, 'Cambio de disco SSD', 129990, 1, '2024-05-15 17:10:42', '2024-05-15 17:10:42'),
(11, 'Cambio de Cristal trasero 11 Pro Max', 69990, 1, '2024-05-20 20:45:56', '2024-05-20 20:45:56'),
(18, 'Cambio de bateria', 20000, 1, '2024-06-19 22:40:49', '2024-06-19 22:41:02'),
(19, 'Cambio de pantalla', 20000, 0, '2024-06-19 22:41:14', '2024-06-19 22:41:14');

-- --------------------------------------------------------

--
-- Estructura de tabla para la tabla `users`
--

CREATE TABLE `users` (
  `id` bigint(20) UNSIGNED NOT NULL,
  `name` varchar(255) NOT NULL,
  `email` varchar(255) NOT NULL,
  `password` varchar(255) NOT NULL,
  `permiso` int(11) DEFAULT NULL,
  `estado` int(11) DEFAULT NULL,
  `created_at` timestamp NULL DEFAULT NULL,
  `updated_at` timestamp NULL DEFAULT NULL
) ENGINE=InnoDB DEFAULT CHARSET=utf8mb4 COLLATE=utf8mb4_unicode_ci;

--
-- Volcado de datos para la tabla `users`
--

INSERT INTO `users` (`id`, `name`, `email`, `password`, `permiso`, `estado`, `created_at`, `updated_at`) VALUES
(1, 'Michael Aguirre', 'm14gs4@gmail.com', '$2a$10$UY/soHjgVK4MEb97sfzXmeAfAe8Aff8QT5BNxi5ZQbJlwfhfGsh6a', NULL, 1, NULL, NULL),
(2, 'Misael Sobrevia Rodrigue', 'contacto@istylestore.cl', '$2a$10$pEsmHHdWh79xtSFBniYLeeBcixh09xZOTVI61k8j9nZhuB0f6xx.y', NULL, 1, NULL, NULL),
(3, 'Erick', 'erick.jiron@gmail.com', '$2a$10$P2S0HlpSBOIrt/UXnV9fWuzqu43C/042WJp8YgCMCLuOes0j1N32y', NULL, 1, NULL, NULL),
(4, 'Miguel Angel Fernando Araya Espinoza', 'miguel.pctec@gmail.com', '$2a$10$fi3P1QsIRKEwz43IX7f.F.UXax3iwmazK6EfhLGNG17LYsgkJrMDq', NULL, 0, NULL, NULL);

--
-- Índices para tablas volcadas
--

--
-- Indices de la tabla `clientes`
--
ALTER TABLE `clientes`
  ADD PRIMARY KEY (`id`);

--
-- Indices de la tabla `dispositivos`
--
ALTER TABLE `dispositivos`
  ADD PRIMARY KEY (`id`);

--
-- Indices de la tabla `equipos`
--
ALTER TABLE `equipos`
  ADD PRIMARY KEY (`id`);

--
-- Indices de la tabla `equipo_has__preguntas`
--
ALTER TABLE `equipo_has__preguntas`
  ADD PRIMARY KEY (`id`),
  ADD KEY `id_equipo` (`id_equipo`),
  ADD KEY `id_pregunta` (`id_pregunta`);

--
-- Indices de la tabla `estados_ordenes`
--
ALTER TABLE `estados_ordenes`
  ADD PRIMARY KEY (`id`);

--
-- Indices de la tabla `estado_equipos`
--
ALTER TABLE `estado_equipos`
  ADD PRIMARY KEY (`id`);

--
-- Indices de la tabla `formadepago`
--
ALTER TABLE `formadepago`
  ADD PRIMARY KEY (`id`);

--
-- Indices de la tabla `garantias`
--
ALTER TABLE `garantias`
  ADD PRIMARY KEY (`id`);

--
-- Indices de la tabla `ordenes`
--
ALTER TABLE `ordenes`
  ADD PRIMARY KEY (`id`);

--
-- Indices de la tabla `orden_has_servicios`
--
ALTER TABLE `orden_has_servicios`
  ADD PRIMARY KEY (`id`);

--
-- Indices de la tabla `personas`
--
ALTER TABLE `personas`
  ADD PRIMARY KEY (`id`),
  ADD KEY `estado` (`estado`);

--
-- Indices de la tabla `preguntas`
--
ALTER TABLE `preguntas`
  ADD PRIMARY KEY (`id`);

--
-- Indices de la tabla `respuestas`
--
ALTER TABLE `respuestas`
  ADD PRIMARY KEY (`id`);

--
-- Indices de la tabla `revisiones`
--
ALTER TABLE `revisiones`
  ADD PRIMARY KEY (`id`);

--
-- Indices de la tabla `servicios`
--
ALTER TABLE `servicios`
  ADD PRIMARY KEY (`id`);

--
-- Indices de la tabla `users`
--
ALTER TABLE `users`
  ADD PRIMARY KEY (`id`),
  ADD UNIQUE KEY `users_email_unique` (`email`);

--
-- AUTO_INCREMENT de las tablas volcadas
--

--
-- AUTO_INCREMENT de la tabla `clientes`
--
ALTER TABLE `clientes`
  MODIFY `id` int(10) UNSIGNED NOT NULL AUTO_INCREMENT, AUTO_INCREMENT=58;

--
-- AUTO_INCREMENT de la tabla `dispositivos`
--
ALTER TABLE `dispositivos`
  MODIFY `id` int(11) NOT NULL AUTO_INCREMENT, AUTO_INCREMENT=139;

--
-- AUTO_INCREMENT de la tabla `equipos`
--
ALTER TABLE `equipos`
  MODIFY `id` int(11) NOT NULL AUTO_INCREMENT, AUTO_INCREMENT=50;

--
-- AUTO_INCREMENT de la tabla `equipo_has__preguntas`
--
ALTER TABLE `equipo_has__preguntas`
  MODIFY `id` int(11) NOT NULL AUTO_INCREMENT, AUTO_INCREMENT=308;

--
-- AUTO_INCREMENT de la tabla `estados_ordenes`
--
ALTER TABLE `estados_ordenes`
  MODIFY `id` int(10) NOT NULL AUTO_INCREMENT, AUTO_INCREMENT=8;

--
-- AUTO_INCREMENT de la tabla `estado_equipos`
--
ALTER TABLE `estado_equipos`
  MODIFY `id` int(11) NOT NULL AUTO_INCREMENT, AUTO_INCREMENT=4;

--
-- AUTO_INCREMENT de la tabla `formadepago`
--
ALTER TABLE `formadepago`
  MODIFY `id` int(11) NOT NULL AUTO_INCREMENT, AUTO_INCREMENT=4;

--
-- AUTO_INCREMENT de la tabla `garantias`
--
ALTER TABLE `garantias`
  MODIFY `id` int(11) NOT NULL AUTO_INCREMENT, AUTO_INCREMENT=31;

--
-- AUTO_INCREMENT de la tabla `ordenes`
--
ALTER TABLE `ordenes`
  MODIFY `id` int(10) UNSIGNED NOT NULL AUTO_INCREMENT, AUTO_INCREMENT=33;

--
-- AUTO_INCREMENT de la tabla `orden_has_servicios`
--
ALTER TABLE `orden_has_servicios`
  MODIFY `id` int(11) NOT NULL AUTO_INCREMENT, AUTO_INCREMENT=50;

--
-- AUTO_INCREMENT de la tabla `personas`
--
ALTER TABLE `personas`
  MODIFY `id` int(10) UNSIGNED NOT NULL AUTO_INCREMENT;

--
-- AUTO_INCREMENT de la tabla `preguntas`
--
ALTER TABLE `preguntas`
  MODIFY `id` int(11) NOT NULL AUTO_INCREMENT, AUTO_INCREMENT=46;

--
-- AUTO_INCREMENT de la tabla `respuestas`
--
ALTER TABLE `respuestas`
  MODIFY `id` int(11) NOT NULL AUTO_INCREMENT, AUTO_INCREMENT=311;

--
-- AUTO_INCREMENT de la tabla `revisiones`
--
ALTER TABLE `revisiones`
  MODIFY `id` int(11) NOT NULL AUTO_INCREMENT, AUTO_INCREMENT=30;

--
-- AUTO_INCREMENT de la tabla `servicios`
--
ALTER TABLE `servicios`
  MODIFY `id` int(11) NOT NULL AUTO_INCREMENT, AUTO_INCREMENT=20;

--
-- AUTO_INCREMENT de la tabla `users`
--
ALTER TABLE `users`
  MODIFY `id` bigint(20) UNSIGNED NOT NULL AUTO_INCREMENT, AUTO_INCREMENT=5;

--
-- Restricciones para tablas volcadas
--

--
-- Filtros para la tabla `equipo_has__preguntas`
--
ALTER TABLE `equipo_has__preguntas`
  ADD CONSTRAINT `idequipo` FOREIGN KEY (`id_equipo`) REFERENCES `equipos` (`id`),
  ADD CONSTRAINT `idpregunta` FOREIGN KEY (`id_pregunta`) REFERENCES `preguntas` (`id`) ON DELETE CASCADE ON UPDATE CASCADE;

--
-- Filtros para la tabla `personas`
--
ALTER TABLE `personas`
  ADD CONSTRAINT `id_estados` FOREIGN KEY (`estado`) REFERENCES `estados_ordenes` (`id`) ON DELETE CASCADE ON UPDATE CASCADE;
COMMIT;

/*!40101 SET CHARACTER_SET_CLIENT=@OLD_CHARACTER_SET_CLIENT */;
/*!40101 SET CHARACTER_SET_RESULTS=@OLD_CHARACTER_SET_RESULTS */;
/*!40101 SET COLLATION_CONNECTION=@OLD_COLLATION_CONNECTION */;
